CREATE TABLE [UC] (
ID_UC INT,
COD_UC VARCHAR(12),
NOME_UC VARCHAR(200),
ID_IUCN INT,
ID_BIOMAPREDOMINANTE INT,
ID_RESERVABIOSFERA INT,
FOREIGN KEY (ID_IUCN) REFERENCES IUCN(ID_IUCN), 
FOREIGN KEY (ID_BIOMAPREDOMINANTE) REFERENCES BIOMA(ID_BIOMA), 
FOREIGN KEY (ID_RESERVABIOSFERA) REFERENCES RESERVABIOSFERA(ID_RESERVABIOSFERA),
PRIMARY KEY(ID_UC)
);

INSERT INTO UC (ID_UC, COD_UC, NOME_UC, ID_IUCN, ID_BIOMAPREDOMINANTE, ID_RESERVABIOSFERA) VALUES (1, '0000.00.0001', 'AREA DE PROTECAO AMBIENTAL ANHATOMIRIM', 6, 4, 4);
INSERT INTO UC (ID_UC, COD_UC, NOME_UC, ID_IUCN, ID_BIOMAPREDOMINANTE, ID_RESERVABIOSFERA) VALUES (2, '0000.00.0002', 'AREA DE PROTECAO AMBIENTAL CAVERNAS DO PERUACU', 6, 3, 2);
INSERT INTO UC (ID_UC, COD_UC, NOME_UC, ID_IUCN, ID_BIOMAPREDOMINANTE, ID_RESERVABIOSFERA) VALUES (3, '0000.00.0003', 'AREA DE PROTECAO AMBIENTAL DA BACIA DO RIO DESCOBERTO', 6, 3, 3);
INSERT INTO UC (ID_UC, COD_UC, NOME_UC, ID_IUCN, ID_BIOMAPREDOMINANTE, ID_RESERVABIOSFERA) VALUES (4, '0000.00.0004', 'AREA DE PROTECAO AMBIENTAL DA BACIA DO RIO SAO BARTOLOMEU', 6, 3, 3);
INSERT INTO UC (ID_UC, COD_UC, NOME_UC, ID_IUCN, ID_BIOMAPREDOMINANTE, ID_RESERVABIOSFERA) VALUES (5, '0000.00.0005', 'AREA DE PROTECAO AMBIENTAL DA BACIA DO RIO SAO JOAO - MICO LEAO', 6, 4, 4);
INSERT INTO UC (ID_UC, COD_UC, NOME_UC, ID_IUCN, ID_BIOMAPREDOMINANTE, ID_RESERVABIOSFERA) VALUES (6, '0000.00.0006', 'AREA DE PROTECAO AMBIENTAL DA BALEIA FRANCA', 6, 4, 4);
INSERT INTO UC (ID_UC, COD_UC, NOME_UC, ID_IUCN, ID_BIOMAPREDOMINANTE, ID_RESERVABIOSFERA) VALUES (7, '0000.00.0007', 'AREA DE PROTECAO AMBIENTAL BARRA DO RIO MAMANGUAPE', 6, 4, 4);
INSERT INTO UC (ID_UC, COD_UC, NOME_UC, ID_IUCN, ID_BIOMAPREDOMINANTE, ID_RESERVABIOSFERA) VALUES (8, '0000.00.0008', 'AREA DE PROTECAO AMBIENTAL CHAPADA DO ARARIPE', 6, 2, 4);
INSERT INTO UC (ID_UC, COD_UC, NOME_UC, ID_IUCN, ID_BIOMAPREDOMINANTE, ID_RESERVABIOSFERA) VALUES (9, '0000.00.0009', 'AREA DE PROTECAO AMBIENTAL COSTA DOS CORAIS', 6, 4, 4);
INSERT INTO UC (ID_UC, COD_UC, NOME_UC, ID_IUCN, ID_BIOMAPREDOMINANTE, ID_RESERVABIOSFERA) VALUES (10, '0000.00.0010', 'AREA DE PROTECAO AMBIENTAL DE PETROPOLIS', 6, 4, 4);
INSERT INTO UC (ID_UC, COD_UC, NOME_UC, ID_IUCN, ID_BIOMAPREDOMINANTE, ID_RESERVABIOSFERA) VALUES (11, '0000.00.0011', 'AREA DE PROTECAO AMBIENTAL SERRA DA MANTIQUEIRA', 6, 4, 4);
INSERT INTO UC (ID_UC, COD_UC, NOME_UC, ID_IUCN, ID_BIOMAPREDOMINANTE, ID_RESERVABIOSFERA) VALUES (12, '0000.00.0012', 'AREA DE PROTECAO AMBIENTAL SERRA DA TABATINGA', 6, 3, 3);
INSERT INTO UC (ID_UC, COD_UC, NOME_UC, ID_IUCN, ID_BIOMAPREDOMINANTE, ID_RESERVABIOSFERA) VALUES (13, '0000.00.0013', 'AREA DE PROTECAO AMBIENTAL DE CAIRUCU', 6, 4, 4);
INSERT INTO UC (ID_UC, COD_UC, NOME_UC, ID_IUCN, ID_BIOMAPREDOMINANTE, ID_RESERVABIOSFERA) VALUES (14, '0000.00.0014', 'AREA DE PROTECAO AMBIENTAL DE CANANEIA-IGUAPE-PERUÍBE', 6, 4, 4);
INSERT INTO UC (ID_UC, COD_UC, NOME_UC, ID_IUCN, ID_BIOMAPREDOMINANTE, ID_RESERVABIOSFERA) VALUES (15, '0000.00.0015', 'AREA DE PROTECAO AMBIENTAL DE FERNANDO DE NORONHA', 6, 4, 4);
INSERT INTO UC (ID_UC, COD_UC, NOME_UC, ID_IUCN, ID_BIOMAPREDOMINANTE, ID_RESERVABIOSFERA) VALUES (16, '0000.00.0016', 'AREA DE PROTECAO AMBIENTAL DE GUAPI-MIRIM', 6, 4, 4);
INSERT INTO UC (ID_UC, COD_UC, NOME_UC, ID_IUCN, ID_BIOMAPREDOMINANTE, ID_RESERVABIOSFERA) VALUES (17, '0000.00.0017', 'AREA DE PROTECAO AMBIENTAL DE GUARAQUECABA', 6, 4, 4);
INSERT INTO UC (ID_UC, COD_UC, NOME_UC, ID_IUCN, ID_BIOMAPREDOMINANTE, ID_RESERVABIOSFERA) VALUES (18, '0000.00.0018', 'AREA DE PROTECAO AMBIENTAL DE PIACABUCU', 6, 4, 4);
INSERT INTO UC (ID_UC, COD_UC, NOME_UC, ID_IUCN, ID_BIOMAPREDOMINANTE, ID_RESERVABIOSFERA) VALUES (19, '0000.00.0019', 'AREA DE PROTECAO AMBIENTAL DELTA DO PARNAIBA', 6, 3, 4);
INSERT INTO UC (ID_UC, COD_UC, NOME_UC, ID_IUCN, ID_BIOMAPREDOMINANTE, ID_RESERVABIOSFERA) VALUES (20, '0000.00.0020', 'AREA DE PROTECAO AMBIENTAL CARSTE DA LAGOA SANTA', 6, 3, 7);
INSERT INTO UC (ID_UC, COD_UC, NOME_UC, ID_IUCN, ID_BIOMAPREDOMINANTE, ID_RESERVABIOSFERA) VALUES (21, '0000.00.0021', 'AREA DE PROTECAO AMBIENTAL IBIRAPUITA', 6, 5, 0);
INSERT INTO UC (ID_UC, COD_UC, NOME_UC, ID_IUCN, ID_BIOMAPREDOMINANTE, ID_RESERVABIOSFERA) VALUES (22, '0000.00.0022', 'AREA DE PROTECAO AMBIENTAL DO IGARAPE GELADO', 6, 1, 0);
INSERT INTO UC (ID_UC, COD_UC, NOME_UC, ID_IUCN, ID_BIOMAPREDOMINANTE, ID_RESERVABIOSFERA) VALUES (23, '0000.00.0023', 'AREA DE PROTECAO AMBIENTAL DO PLANALTO CENTRAL', 6, 3, 3);
INSERT INTO UC (ID_UC, COD_UC, NOME_UC, ID_IUCN, ID_BIOMAPREDOMINANTE, ID_RESERVABIOSFERA) VALUES (24, '0000.00.0024', 'AREA DE PROTECAO AMBIENTAL MEANDROS DO ARAGUAIA', 6, 3, 0);
INSERT INTO UC (ID_UC, COD_UC, NOME_UC, ID_IUCN, ID_BIOMAPREDOMINANTE, ID_RESERVABIOSFERA) VALUES (25, '0000.00.0025', 'AREA DE PROTECAO AMBIENTAL ILHAS E VARZEAS DO RIO PARANA', 6, 3, 4);
INSERT INTO UC (ID_UC, COD_UC, NOME_UC, ID_IUCN, ID_BIOMAPREDOMINANTE, ID_RESERVABIOSFERA) VALUES (27, '0000.00.0027', 'AREA DE PROTECAO AMBIENTAL MORRO DA PEDREIRA', 6, 3, 7);
INSERT INTO UC (ID_UC, COD_UC, NOME_UC, ID_IUCN, ID_BIOMAPREDOMINANTE, ID_RESERVABIOSFERA) VALUES (28, '0000.00.0028', 'AREA DE PROTECAO AMBIENTAL DAS NASCENTES DO RIO VERMELHO', 6, 3, 3);
INSERT INTO UC (ID_UC, COD_UC, NOME_UC, ID_IUCN, ID_BIOMAPREDOMINANTE, ID_RESERVABIOSFERA) VALUES (29, '0000.00.0029', 'AREA DE PROTECAO AMBIENTAL SERRA DA IBIAPABA', 6, 2, 2);
INSERT INTO UC (ID_UC, COD_UC, NOME_UC, ID_IUCN, ID_BIOMAPREDOMINANTE, ID_RESERVABIOSFERA) VALUES (30, '0000.00.0030', 'AREA DE RELEVANTE INTERESSE ECOLOGICA VASSUNUNGA', 5, 3, 4);
INSERT INTO UC (ID_UC, COD_UC, NOME_UC, ID_IUCN, ID_BIOMAPREDOMINANTE, ID_RESERVABIOSFERA) VALUES (31, '0000.00.0031', 'AREA DE RELEVANTE INTERESSE ECOLOGICA CAPETINGA/TAQUARA', 5, 3, 3);
INSERT INTO UC (ID_UC, COD_UC, NOME_UC, ID_IUCN, ID_BIOMAPREDOMINANTE, ID_RESERVABIOSFERA) VALUES (32, '0000.00.0032', 'AREA DE RELEVANTE INTERESSE ECOLOGICA PE-DE-GIGANTE', 5, 3, 4);
INSERT INTO UC (ID_UC, COD_UC, NOME_UC, ID_IUCN, ID_BIOMAPREDOMINANTE, ID_RESERVABIOSFERA) VALUES (34, '0000.00.0034', 'MONUMENTO NATURAL DAS ILHAS CAGARRAS', 4, 4, 4);
INSERT INTO UC (ID_UC, COD_UC, NOME_UC, ID_IUCN, ID_BIOMAPREDOMINANTE, ID_RESERVABIOSFERA) VALUES (35, '0000.00.0035', 'AREA DE RELEVANTE INTERESSE ECOLOGICA FLORESTA DA CICUTA', 5, 4, 4);
INSERT INTO UC (ID_UC, COD_UC, NOME_UC, ID_IUCN, ID_BIOMAPREDOMINANTE, ID_RESERVABIOSFERA) VALUES (36, '0000.00.0036', 'AREA DE RELEVANTE INTERESSE ECOLOGICA ILHA AMEIXAL', 5, 4, 4);
INSERT INTO UC (ID_UC, COD_UC, NOME_UC, ID_IUCN, ID_BIOMAPREDOMINANTE, ID_RESERVABIOSFERA) VALUES (37, '0000.00.0037', 'AREA DE RELEVANTE INTERESSE ECOLOGICO ILHAS QUEIMADA GRANDE E QUEIMADA PEQUENA', 5, 4, 4);
INSERT INTO UC (ID_UC, COD_UC, NOME_UC, ID_IUCN, ID_BIOMAPREDOMINANTE, ID_RESERVABIOSFERA) VALUES (38, '0000.00.0038', 'AREA DE RELEVANTE INTERESSE ECOLOGICA JAVARI BURITI', 5, 1, 1);
INSERT INTO UC (ID_UC, COD_UC, NOME_UC, ID_IUCN, ID_BIOMAPREDOMINANTE, ID_RESERVABIOSFERA) VALUES (39, '0000.00.0039', 'AREA DE RELEVANTE INTERESSE ECOLOGICA MANGUEZAIS DA FOZ DO RIO MAMANGUAPE', 5, 4, 4);
INSERT INTO UC (ID_UC, COD_UC, NOME_UC, ID_IUCN, ID_BIOMAPREDOMINANTE, ID_RESERVABIOSFERA) VALUES (40, '0000.00.0040', 'AREA DE RELEVANTE INTERESSE ECOLOGICA MATA DE SANTA GENEBRA', 5, 4, 4);
INSERT INTO UC (ID_UC, COD_UC, NOME_UC, ID_IUCN, ID_BIOMAPREDOMINANTE, ID_RESERVABIOSFERA) VALUES (41, '0000.00.0041', 'AREA DE RELEVANTE INTERESSE ECOLOGICA MATAO DE COSMOPOLIS', 5, 4, 0);
INSERT INTO UC (ID_UC, COD_UC, NOME_UC, ID_IUCN, ID_BIOMAPREDOMINANTE, ID_RESERVABIOSFERA) VALUES (43, '0000.00.0043', 'AREA DE RELEVANTE INTERESSE ECOLOGICA PROJETO DINAMICA BIOLOGICA DE FRAGMENTOS FLORESTAIS', 5, 1, 1);
INSERT INTO UC (ID_UC, COD_UC, NOME_UC, ID_IUCN, ID_BIOMAPREDOMINANTE, ID_RESERVABIOSFERA) VALUES (44, '0000.00.0044', 'AREA DE RELEVANTE INTERESSE ECOLOGICA SERINGAL NOVA ESPERANCA', 5, 1, 0);
INSERT INTO UC (ID_UC, COD_UC, NOME_UC, ID_IUCN, ID_BIOMAPREDOMINANTE, ID_RESERVABIOSFERA) VALUES (45, '0000.00.0045', 'AREA DE RELEVANTE INTERESSE ECOLOGICA SERRA DA ABELHA', 5, 4, 4);
INSERT INTO UC (ID_UC, COD_UC, NOME_UC, ID_IUCN, ID_BIOMAPREDOMINANTE, ID_RESERVABIOSFERA) VALUES (47, '0000.00.0047', 'ESTACAO ECOLOGICA DA TERRA DO MEIO', 1, 1, 0);
INSERT INTO UC (ID_UC, COD_UC, NOME_UC, ID_IUCN, ID_BIOMAPREDOMINANTE, ID_RESERVABIOSFERA) VALUES (48, '0000.00.0048', 'ESTACAO ECOLOGICA DE AIUABA', 1, 2, 2);
INSERT INTO UC (ID_UC, COD_UC, NOME_UC, ID_IUCN, ID_BIOMAPREDOMINANTE, ID_RESERVABIOSFERA) VALUES (49, '0000.00.0049', 'PARQUE NACIONAL DE ANAVILHANAS', 3, 1, 1);
INSERT INTO UC (ID_UC, COD_UC, NOME_UC, ID_IUCN, ID_BIOMAPREDOMINANTE, ID_RESERVABIOSFERA) VALUES (50, '0000.00.0050', 'ESTACAO ECOLOGICA DE ARACURI-ESMERALDA', 1, 4, 4);
INSERT INTO UC (ID_UC, COD_UC, NOME_UC, ID_IUCN, ID_BIOMAPREDOMINANTE, ID_RESERVABIOSFERA) VALUES (52, '0000.00.0052', 'ESTACAO ECOLOGICA DE CARIJOS', 1, 4, 4);
INSERT INTO UC (ID_UC, COD_UC, NOME_UC, ID_IUCN, ID_BIOMAPREDOMINANTE, ID_RESERVABIOSFERA) VALUES (53, '0000.00.0053', 'ESTACAO ECOLOGICA DE CUNIA', 1, 1, 0);
INSERT INTO UC (ID_UC, COD_UC, NOME_UC, ID_IUCN, ID_BIOMAPREDOMINANTE, ID_RESERVABIOSFERA) VALUES (54, '0000.00.0054', 'ESTACAO ECOLOGICA DE GUARAQUECABA', 1, 4, 4);
INSERT INTO UC (ID_UC, COD_UC, NOME_UC, ID_IUCN, ID_BIOMAPREDOMINANTE, ID_RESERVABIOSFERA) VALUES (56, '0000.00.0056', 'ESTACAO ECOLOGICA DE JUTAÍ-SOLIMOES', 1, 1, 1);
INSERT INTO UC (ID_UC, COD_UC, NOME_UC, ID_IUCN, ID_BIOMAPREDOMINANTE, ID_RESERVABIOSFERA) VALUES (57, '0000.00.0057', 'ESTACAO ECOLOGICA DE MARACA', 1, 1, 0);
INSERT INTO UC (ID_UC, COD_UC, NOME_UC, ID_IUCN, ID_BIOMAPREDOMINANTE, ID_RESERVABIOSFERA) VALUES (58, '0000.00.0058', 'ESTACAO ECOLOGICA DE MARACA JIPIOCA', 1, 1, 0);
INSERT INTO UC (ID_UC, COD_UC, NOME_UC, ID_IUCN, ID_BIOMAPREDOMINANTE, ID_RESERVABIOSFERA) VALUES (59, '0000.00.0059', 'ESTACAO ECOLOGICA DE MURICI', 1, 4, 4);
INSERT INTO UC (ID_UC, COD_UC, NOME_UC, ID_IUCN, ID_BIOMAPREDOMINANTE, ID_RESERVABIOSFERA) VALUES (60, '0000.00.0060', 'ESTACAO ECOLOGICA DE NIQUIA', 1, 1, 0);
INSERT INTO UC (ID_UC, COD_UC, NOME_UC, ID_IUCN, ID_BIOMAPREDOMINANTE, ID_RESERVABIOSFERA) VALUES (61, '0000.00.0061', 'ESTACAO ECOLOGICA DE PIRAPITINGA', 1, 3, 0);
INSERT INTO UC (ID_UC, COD_UC, NOME_UC, ID_IUCN, ID_BIOMAPREDOMINANTE, ID_RESERVABIOSFERA) VALUES (62, '0000.00.0062', 'ESTACAO ECOLOGICA DE TAIAMA', 1, 6, 6);
INSERT INTO UC (ID_UC, COD_UC, NOME_UC, ID_IUCN, ID_BIOMAPREDOMINANTE, ID_RESERVABIOSFERA) VALUES (63, '0000.00.0063', 'ESTACAO ECOLOGICA DE TAMOIOS', 1, 4, 4);
INSERT INTO UC (ID_UC, COD_UC, NOME_UC, ID_IUCN, ID_BIOMAPREDOMINANTE, ID_RESERVABIOSFERA) VALUES (64, '0000.00.0064', 'ESTACAO ECOLOGICA TUPINAMBAS', 1, 4, 4);
INSERT INTO UC (ID_UC, COD_UC, NOME_UC, ID_IUCN, ID_BIOMAPREDOMINANTE, ID_RESERVABIOSFERA) VALUES (65, '0000.00.0065', 'ESTACAO ECOLOGICA DE URUCUÍ-UNA', 1, 3, 3);
INSERT INTO UC (ID_UC, COD_UC, NOME_UC, ID_IUCN, ID_BIOMAPREDOMINANTE, ID_RESERVABIOSFERA) VALUES (66, '0000.00.0066', 'ESTACAO ECOLOGICA DO CASTANHAO', 1, 2, 0);
INSERT INTO UC (ID_UC, COD_UC, NOME_UC, ID_IUCN, ID_BIOMAPREDOMINANTE, ID_RESERVABIOSFERA) VALUES (67, '0000.00.0067', 'ESTACAO ECOLOGICA DO JARI', 1, 1, 0);
INSERT INTO UC (ID_UC, COD_UC, NOME_UC, ID_IUCN, ID_BIOMAPREDOMINANTE, ID_RESERVABIOSFERA) VALUES (68, '0000.00.0068', 'ESTACAO ECOLOGICA RIO ACRE', 1, 1, 0);
INSERT INTO UC (ID_UC, COD_UC, NOME_UC, ID_IUCN, ID_BIOMAPREDOMINANTE, ID_RESERVABIOSFERA) VALUES (69, '0000.00.0069', 'ESTACAO ECOLOGICA DO SERIDO', 1, 2, 2);
INSERT INTO UC (ID_UC, COD_UC, NOME_UC, ID_IUCN, ID_BIOMAPREDOMINANTE, ID_RESERVABIOSFERA) VALUES (70, '0000.00.0070', 'ESTACAO ECOLOGICA DO TAIM', 1, 5, 4);
INSERT INTO UC (ID_UC, COD_UC, NOME_UC, ID_IUCN, ID_BIOMAPREDOMINANTE, ID_RESERVABIOSFERA) VALUES (71, '0000.00.0071', 'ESTACAO ECOLOGICA DOS TUPINIQUINS', 1, 4, 5);
INSERT INTO UC (ID_UC, COD_UC, NOME_UC, ID_IUCN, ID_BIOMAPREDOMINANTE, ID_RESERVABIOSFERA) VALUES (72, '0000.00.0072', 'ESTACAO ECOLOGICA JUAMI-JAPURA', 1, 1, 1);
INSERT INTO UC (ID_UC, COD_UC, NOME_UC, ID_IUCN, ID_BIOMAPREDOMINANTE, ID_RESERVABIOSFERA) VALUES (73, '0000.00.0073', 'ESTACAO ECOLOGICA MICO LEAO PRETO', 1, 4, 4);
INSERT INTO UC (ID_UC, COD_UC, NOME_UC, ID_IUCN, ID_BIOMAPREDOMINANTE, ID_RESERVABIOSFERA) VALUES (74, '0000.00.0074', 'ESTACAO ECOLOGICA RASO DA CATARINA', 1, 2, 2);
INSERT INTO UC (ID_UC, COD_UC, NOME_UC, ID_IUCN, ID_BIOMAPREDOMINANTE, ID_RESERVABIOSFERA) VALUES (75, '0000.00.0075', 'ESTACAO ECOLOGICA DA SERRA DAS ARARAS', 1, 3, 6);
INSERT INTO UC (ID_UC, COD_UC, NOME_UC, ID_IUCN, ID_BIOMAPREDOMINANTE, ID_RESERVABIOSFERA) VALUES (76, '0000.00.0076', 'ESTACAO ECOLOGICA SERRA GERAL DO TOCANTINS', 1, 3, 3);
INSERT INTO UC (ID_UC, COD_UC, NOME_UC, ID_IUCN, ID_BIOMAPREDOMINANTE, ID_RESERVABIOSFERA) VALUES (77, '0000.00.0077', 'FLORESTA NACIONAL DE ASSUNGUI', 7, 4, 4);
INSERT INTO UC (ID_UC, COD_UC, NOME_UC, ID_IUCN, ID_BIOMAPREDOMINANTE, ID_RESERVABIOSFERA) VALUES (78, '0000.00.0078', 'FLORESTA NACIONAL DE CACADOR', 7, 4, 4);
INSERT INTO UC (ID_UC, COD_UC, NOME_UC, ID_IUCN, ID_BIOMAPREDOMINANTE, ID_RESERVABIOSFERA) VALUES (79, '0000.00.0079', 'FLORESTA NACIONAL DE CAPAO BONITO', 7, 3, 4);
INSERT INTO UC (ID_UC, COD_UC, NOME_UC, ID_IUCN, ID_BIOMAPREDOMINANTE, ID_RESERVABIOSFERA) VALUES (80, '0000.00.0080', 'FLORESTA NACIONAL DE CHAPECO', 7, 4, 4);
INSERT INTO UC (ID_UC, COD_UC, NOME_UC, ID_IUCN, ID_BIOMAPREDOMINANTE, ID_RESERVABIOSFERA) VALUES (81, '0000.00.0081', 'FLORESTA NACIONAL DE CONTENDAS DO SINCORA', 7, 2, 0);
INSERT INTO UC (ID_UC, COD_UC, NOME_UC, ID_IUCN, ID_BIOMAPREDOMINANTE, ID_RESERVABIOSFERA) VALUES (82, '0000.00.0082', 'FLORESTA NACIONAL DE ACU', 7, 2, 0);
INSERT INTO UC (ID_UC, COD_UC, NOME_UC, ID_IUCN, ID_BIOMAPREDOMINANTE, ID_RESERVABIOSFERA) VALUES (83, '0000.00.0083', 'FLORESTA NACIONAL ALTAMIRA', 7, 1, 0);
INSERT INTO UC (ID_UC, COD_UC, NOME_UC, ID_IUCN, ID_BIOMAPREDOMINANTE, ID_RESERVABIOSFERA) VALUES (84, '0000.00.0084', 'FLORESTA NACIONAL DE ANAUA', 7, 1, 0);
INSERT INTO UC (ID_UC, COD_UC, NOME_UC, ID_IUCN, ID_BIOMAPREDOMINANTE, ID_RESERVABIOSFERA) VALUES (85, '0000.00.0085', 'FLORESTA NACIONAL DE BALATA-TUFARI', 7, 1, 0);
INSERT INTO UC (ID_UC, COD_UC, NOME_UC, ID_IUCN, ID_BIOMAPREDOMINANTE, ID_RESERVABIOSFERA) VALUES (86, '0000.00.0086', 'FLORESTA NACIONAL DE BRASÍLIA', 7, 3, 3);
INSERT INTO UC (ID_UC, COD_UC, NOME_UC, ID_IUCN, ID_BIOMAPREDOMINANTE, ID_RESERVABIOSFERA) VALUES (87, '0000.00.0087', 'FLORESTA NACIONAL DE CANELA', 7, 4, 4);
INSERT INTO UC (ID_UC, COD_UC, NOME_UC, ID_IUCN, ID_BIOMAPREDOMINANTE, ID_RESERVABIOSFERA) VALUES (88, '0000.00.0088', 'FLORESTA NACIONAL DE CARAJAS', 7, 1, 0);
INSERT INTO UC (ID_UC, COD_UC, NOME_UC, ID_IUCN, ID_BIOMAPREDOMINANTE, ID_RESERVABIOSFERA) VALUES (89, '0000.00.0089', 'FLORESTA NACIONAL DE CAXIUANA', 7, 1, 0);
INSERT INTO UC (ID_UC, COD_UC, NOME_UC, ID_IUCN, ID_BIOMAPREDOMINANTE, ID_RESERVABIOSFERA) VALUES (90, '0000.00.0090', 'FLORESTA NACIONAL DE CRISTOPOLIS', 7, 3, 0);
INSERT INTO UC (ID_UC, COD_UC, NOME_UC, ID_IUCN, ID_BIOMAPREDOMINANTE, ID_RESERVABIOSFERA) VALUES (91, '0000.00.0091', 'FLORESTA NACIONAL DE GOYTACAZES', 7, 4, 4);
INSERT INTO UC (ID_UC, COD_UC, NOME_UC, ID_IUCN, ID_BIOMAPREDOMINANTE, ID_RESERVABIOSFERA) VALUES (92, '0000.00.0092', 'FLORESTA NACIONAL DE HUMAITA', 7, 1, 0);
INSERT INTO UC (ID_UC, COD_UC, NOME_UC, ID_IUCN, ID_BIOMAPREDOMINANTE, ID_RESERVABIOSFERA) VALUES (93, '0000.00.0093', 'FLORESTA NACIONAL DE IBIRAMA', 7, 4, 4);
INSERT INTO UC (ID_UC, COD_UC, NOME_UC, ID_IUCN, ID_BIOMAPREDOMINANTE, ID_RESERVABIOSFERA) VALUES (94, '0000.00.0094', 'FLORESTA NACIONAL DE IPANEMA', 7, 4, 4);
INSERT INTO UC (ID_UC, COD_UC, NOME_UC, ID_IUCN, ID_BIOMAPREDOMINANTE, ID_RESERVABIOSFERA) VALUES (95, '0000.00.0095', 'FLORESTA NACIONAL DE ITAITUBA I', 7, 1, 0);
INSERT INTO UC (ID_UC, COD_UC, NOME_UC, ID_IUCN, ID_BIOMAPREDOMINANTE, ID_RESERVABIOSFERA) VALUES (96, '0000.00.0096', 'FLORESTA NACIONAL DE ITAITUBA II', 7, 1, 0);
INSERT INTO UC (ID_UC, COD_UC, NOME_UC, ID_IUCN, ID_BIOMAPREDOMINANTE, ID_RESERVABIOSFERA) VALUES (97, '0000.00.0097', 'FLORESTA NACIONAL DE JACUNDA', 7, 1, 0);
INSERT INTO UC (ID_UC, COD_UC, NOME_UC, ID_IUCN, ID_BIOMAPREDOMINANTE, ID_RESERVABIOSFERA) VALUES (98, '0000.00.0098', 'FLORESTA NACIONAL DE LORENA', 7, 4, 4);
INSERT INTO UC (ID_UC, COD_UC, NOME_UC, ID_IUCN, ID_BIOMAPREDOMINANTE, ID_RESERVABIOSFERA) VALUES (99, '0000.00.0099', 'FLORESTA NACIONAL DE MULATA', 7, 1, 0);
INSERT INTO UC (ID_UC, COD_UC, NOME_UC, ID_IUCN, ID_BIOMAPREDOMINANTE, ID_RESERVABIOSFERA) VALUES (100, '0000.00.0100', 'FLORESTA NACIONAL DE NÍSIA FLORESTA', 7, 4, 4);
INSERT INTO UC (ID_UC, COD_UC, NOME_UC, ID_IUCN, ID_BIOMAPREDOMINANTE, ID_RESERVABIOSFERA) VALUES (101, '0000.00.0101', 'FLORESTA NACIONAL DE PACOTUBA', 7, 4, 4);
INSERT INTO UC (ID_UC, COD_UC, NOME_UC, ID_IUCN, ID_BIOMAPREDOMINANTE, ID_RESERVABIOSFERA) VALUES (102, '0000.00.0102', 'FLORESTA NACIONAL DE PALMARES', 7, 3, 2);
INSERT INTO UC (ID_UC, COD_UC, NOME_UC, ID_IUCN, ID_BIOMAPREDOMINANTE, ID_RESERVABIOSFERA) VALUES (103, '0000.00.0103', 'FLORESTA NACIONAL DE PARAOPEBA', 7, 3, 0);
INSERT INTO UC (ID_UC, COD_UC, NOME_UC, ID_IUCN, ID_BIOMAPREDOMINANTE, ID_RESERVABIOSFERA) VALUES (104, '0000.00.0104', 'FLORESTA NACIONAL DE PAU-ROSA', 7, 1, 0);
INSERT INTO UC (ID_UC, COD_UC, NOME_UC, ID_IUCN, ID_BIOMAPREDOMINANTE, ID_RESERVABIOSFERA) VALUES (105, '0000.00.0105', 'FLORESTA NACIONAL DE RITAPOLIS', 7, 4, 4);
INSERT INTO UC (ID_UC, COD_UC, NOME_UC, ID_IUCN, ID_BIOMAPREDOMINANTE, ID_RESERVABIOSFERA) VALUES (106, '0000.00.0106', 'FLORESTA NACIONAL DE RORAIMA', 7, 1, 0);
INSERT INTO UC (ID_UC, COD_UC, NOME_UC, ID_IUCN, ID_BIOMAPREDOMINANTE, ID_RESERVABIOSFERA) VALUES (107, '0000.00.0107', 'FLORESTA NACIONAL DE SANTA ROSA DO PURUS', 7, 1, 0);
INSERT INTO UC (ID_UC, COD_UC, NOME_UC, ID_IUCN, ID_BIOMAPREDOMINANTE, ID_RESERVABIOSFERA) VALUES (108, '0000.00.0108', 'FLORESTA NACIONAL DE SAO FRANCISCO', 7, 1, 0);
INSERT INTO UC (ID_UC, COD_UC, NOME_UC, ID_IUCN, ID_BIOMAPREDOMINANTE, ID_RESERVABIOSFERA) VALUES (109, '0000.00.0109', 'FLORESTA NACIONAL DE SARACA-TAQUERA', 7, 1, 0);
INSERT INTO UC (ID_UC, COD_UC, NOME_UC, ID_IUCN, ID_BIOMAPREDOMINANTE, ID_RESERVABIOSFERA) VALUES (110, '0000.00.0110', 'FLORESTA NACIONAL DE SILVANIA', 7, 3, 0);
INSERT INTO UC (ID_UC, COD_UC, NOME_UC, ID_IUCN, ID_BIOMAPREDOMINANTE, ID_RESERVABIOSFERA) VALUES (111, '0000.00.0111', 'FLORESTA NACIONAL DE SOBRAL', 7, 2, 2);
INSERT INTO UC (ID_UC, COD_UC, NOME_UC, ID_IUCN, ID_BIOMAPREDOMINANTE, ID_RESERVABIOSFERA) VALUES (112, '0000.00.0112', 'FLORESTA NACIONAL DE TEFE', 7, 1, 1);
INSERT INTO UC (ID_UC, COD_UC, NOME_UC, ID_IUCN, ID_BIOMAPREDOMINANTE, ID_RESERVABIOSFERA) VALUES (113, '0000.00.0113', 'FLORESTA NACIONAL DE AMAPA', 7, 1, 0);
INSERT INTO UC (ID_UC, COD_UC, NOME_UC, ID_IUCN, ID_BIOMAPREDOMINANTE, ID_RESERVABIOSFERA) VALUES (114, '0000.00.0114', 'FLORESTA NACIONAL DO AMAZONAS', 7, 1, 0);
INSERT INTO UC (ID_UC, COD_UC, NOME_UC, ID_IUCN, ID_BIOMAPREDOMINANTE, ID_RESERVABIOSFERA) VALUES (115, '0000.00.0115', 'FLORESTA NACIONAL DO ARARIPE-APODI', 7, 2, 2);
INSERT INTO UC (ID_UC, COD_UC, NOME_UC, ID_IUCN, ID_BIOMAPREDOMINANTE, ID_RESERVABIOSFERA) VALUES (116, '0000.00.0116', 'FLORESTA NACIONAL DE BOM FUTURO', 7, 1, 0);
INSERT INTO UC (ID_UC, COD_UC, NOME_UC, ID_IUCN, ID_BIOMAPREDOMINANTE, ID_RESERVABIOSFERA) VALUES (117, '0000.00.0117', 'FLORESTA NACIONAL DE ITACAIUNAS', 7, 1, 0);
INSERT INTO UC (ID_UC, COD_UC, NOME_UC, ID_IUCN, ID_BIOMAPREDOMINANTE, ID_RESERVABIOSFERA) VALUES (118, '0000.00.0118', 'FLORESTA NACIONAL DO JAMARI', 7, 1, 0);
INSERT INTO UC (ID_UC, COD_UC, NOME_UC, ID_IUCN, ID_BIOMAPREDOMINANTE, ID_RESERVABIOSFERA) VALUES (119, '0000.00.0119', 'FLORESTA NACIONAL DE JATUARANA', 7, 1, 0);
INSERT INTO UC (ID_UC, COD_UC, NOME_UC, ID_IUCN, ID_BIOMAPREDOMINANTE, ID_RESERVABIOSFERA) VALUES (120, '0000.00.0120', 'FLORESTA NACIONAL DE MACAUA', 7, 1, 0);
INSERT INTO UC (ID_UC, COD_UC, NOME_UC, ID_IUCN, ID_BIOMAPREDOMINANTE, ID_RESERVABIOSFERA) VALUES (121, '0000.00.0121', 'FLORESTA NACIONAL DE PURUS', 7, 1, 0);
INSERT INTO UC (ID_UC, COD_UC, NOME_UC, ID_IUCN, ID_BIOMAPREDOMINANTE, ID_RESERVABIOSFERA) VALUES (122, '0000.00.0122', 'FLORESTA NACIONAL DE RIO PRETO', 7, 4, 4);
INSERT INTO UC (ID_UC, COD_UC, NOME_UC, ID_IUCN, ID_BIOMAPREDOMINANTE, ID_RESERVABIOSFERA) VALUES (123, '0000.00.0123', 'FLORESTA NACIONAL DE TAPAJOS', 7, 1, 0);
INSERT INTO UC (ID_UC, COD_UC, NOME_UC, ID_IUCN, ID_BIOMAPREDOMINANTE, ID_RESERVABIOSFERA) VALUES (124, '0000.00.0124', 'FLORESTA NACIONAL DE TAPIRAPE-AQUIRI', 7, 1, 0);
INSERT INTO UC (ID_UC, COD_UC, NOME_UC, ID_IUCN, ID_BIOMAPREDOMINANTE, ID_RESERVABIOSFERA) VALUES (125, '0000.00.0125', 'FLORESTA NACIONAL DE IRATI', 7, 4, 4);
INSERT INTO UC (ID_UC, COD_UC, NOME_UC, ID_IUCN, ID_BIOMAPREDOMINANTE, ID_RESERVABIOSFERA) VALUES (126, '0000.00.0126', 'FLORESTA NACIONAL DE MAPIA-INAUINÍ', 7, 1, 0);
INSERT INTO UC (ID_UC, COD_UC, NOME_UC, ID_IUCN, ID_BIOMAPREDOMINANTE, ID_RESERVABIOSFERA) VALUES (127, '0000.00.0127', 'FLORESTA NACIONAL DE MARIO XAVIER', 7, 4, 4);
INSERT INTO UC (ID_UC, COD_UC, NOME_UC, ID_IUCN, ID_BIOMAPREDOMINANTE, ID_RESERVABIOSFERA) VALUES (128, '0000.00.0128', 'FLORESTA NACIONAL DA MATA GRANDE', 7, 3, 3);
INSERT INTO UC (ID_UC, COD_UC, NOME_UC, ID_IUCN, ID_BIOMAPREDOMINANTE, ID_RESERVABIOSFERA) VALUES (129, '0000.00.0129', 'FLORESTA NACIONAL DE PASSA QUATRO', 7, 4, 4);
INSERT INTO UC (ID_UC, COD_UC, NOME_UC, ID_IUCN, ID_BIOMAPREDOMINANTE, ID_RESERVABIOSFERA) VALUES (130, '0000.00.0130', 'FLORESTA NACIONAL DE PASSO FUNDO', 7, 4, 4);
INSERT INTO UC (ID_UC, COD_UC, NOME_UC, ID_IUCN, ID_BIOMAPREDOMINANTE, ID_RESERVABIOSFERA) VALUES (131, '0000.00.0131', 'FLORESTA NACIONAL DE PIRAÍ DO SUL', 7, 4, 4);
INSERT INTO UC (ID_UC, COD_UC, NOME_UC, ID_IUCN, ID_BIOMAPREDOMINANTE, ID_RESERVABIOSFERA) VALUES (132, '0000.00.0132', 'FLORESTA NACIONAL DA RESTINGA DE CABEDELO', 7, 4, 4);
INSERT INTO UC (ID_UC, COD_UC, NOME_UC, ID_IUCN, ID_BIOMAPREDOMINANTE, ID_RESERVABIOSFERA) VALUES (133, '0000.00.0133', 'FLORESTA NACIONAL DE SAO FRANCISCO DE PAULA', 7, 4, 4);
INSERT INTO UC (ID_UC, COD_UC, NOME_UC, ID_IUCN, ID_BIOMAPREDOMINANTE, ID_RESERVABIOSFERA) VALUES (134, '0000.00.0134', 'FLORESTA NACIONAL DE TRÊS BARRAS', 7, 4, 4);
INSERT INTO UC (ID_UC, COD_UC, NOME_UC, ID_IUCN, ID_BIOMAPREDOMINANTE, ID_RESERVABIOSFERA) VALUES (135, '0000.00.0135', 'PARQUE NACIONAL CAVERNAS DO PERUACU', 3, 2, 2);
INSERT INTO UC (ID_UC, COD_UC, NOME_UC, ID_IUCN, ID_BIOMAPREDOMINANTE, ID_RESERVABIOSFERA) VALUES (136, '0000.00.0136', 'PARQUE NACIONAL DA AMAZÔNIA', 3, 1, 0);
INSERT INTO UC (ID_UC, COD_UC, NOME_UC, ID_IUCN, ID_BIOMAPREDOMINANTE, ID_RESERVABIOSFERA) VALUES (137, '0000.00.0137', 'PARQUE NACIONAL DA CHAPADA DIAMANTINA', 3, 2, 2);
INSERT INTO UC (ID_UC, COD_UC, NOME_UC, ID_IUCN, ID_BIOMAPREDOMINANTE, ID_RESERVABIOSFERA) VALUES (138, '0000.00.0138', 'PARQUE NACIONAL DA CHAPADA DOS GUIMARAES', 3, 3, 6);
INSERT INTO UC (ID_UC, COD_UC, NOME_UC, ID_IUCN, ID_BIOMAPREDOMINANTE, ID_RESERVABIOSFERA) VALUES (139, '0000.00.0139', 'PARQUE NACIONAL DA CHAPADA DOS VEADEIROS', 3, 3, 3);
INSERT INTO UC (ID_UC, COD_UC, NOME_UC, ID_IUCN, ID_BIOMAPREDOMINANTE, ID_RESERVABIOSFERA) VALUES (140, '0000.00.0140', 'PARQUE NACIONAL DA LAGOA DO PEIXE', 3, 5, 4);
INSERT INTO UC (ID_UC, COD_UC, NOME_UC, ID_IUCN, ID_BIOMAPREDOMINANTE, ID_RESERVABIOSFERA) VALUES (141, '0000.00.0141', 'PARQUE NACIONAL RESTINGA DE JURUBATIBA', 3, 4, 4);
INSERT INTO UC (ID_UC, COD_UC, NOME_UC, ID_IUCN, ID_BIOMAPREDOMINANTE, ID_RESERVABIOSFERA) VALUES (142, '0000.00.0142', 'PARQUE NACIONAL DA SERRA DA BOCAINA', 3, 4, 4);
INSERT INTO UC (ID_UC, COD_UC, NOME_UC, ID_IUCN, ID_BIOMAPREDOMINANTE, ID_RESERVABIOSFERA) VALUES (143, '0000.00.0143', 'PARQUE NACIONAL DA SERRA DA BODOQUENA', 3, 3, 4);
INSERT INTO UC (ID_UC, COD_UC, NOME_UC, ID_IUCN, ID_BIOMAPREDOMINANTE, ID_RESERVABIOSFERA) VALUES (144, '0000.00.0144', 'PARQUE NACIONAL DA SERRA DA CANASTRA', 3, 3, 4);
INSERT INTO UC (ID_UC, COD_UC, NOME_UC, ID_IUCN, ID_BIOMAPREDOMINANTE, ID_RESERVABIOSFERA) VALUES (145, '0000.00.0145', 'PARQUE NACIONAL DA SERRA DA CAPIVARA', 3, 2, 2);
INSERT INTO UC (ID_UC, COD_UC, NOME_UC, ID_IUCN, ID_BIOMAPREDOMINANTE, ID_RESERVABIOSFERA) VALUES (146, '0000.00.0146', 'PARQUE NACIONAL SERRA DAS CONFUSOES', 3, 2, 2);
INSERT INTO UC (ID_UC, COD_UC, NOME_UC, ID_IUCN, ID_BIOMAPREDOMINANTE, ID_RESERVABIOSFERA) VALUES (147, '0000.00.0147', 'PARQUE NACIONAL DA SERRA DE ITABAIANA', 3, 4, 4);
INSERT INTO UC (ID_UC, COD_UC, NOME_UC, ID_IUCN, ID_BIOMAPREDOMINANTE, ID_RESERVABIOSFERA) VALUES (148, '0000.00.0148', 'PARQUE NACIONAL DA SERRA DO CIPO', 3, 3, 7);
INSERT INTO UC (ID_UC, COD_UC, NOME_UC, ID_IUCN, ID_BIOMAPREDOMINANTE, ID_RESERVABIOSFERA) VALUES (149, '0000.00.0149', 'PARQUE NACIONAL DA SERRA DO DIVISOR', 3, 1, 0);
INSERT INTO UC (ID_UC, COD_UC, NOME_UC, ID_IUCN, ID_BIOMAPREDOMINANTE, ID_RESERVABIOSFERA) VALUES (150, '0000.00.0150', 'PARQUE NACIONAL DA SERRA DO ITAJAÍ', 3, 4, 4);
INSERT INTO UC (ID_UC, COD_UC, NOME_UC, ID_IUCN, ID_BIOMAPREDOMINANTE, ID_RESERVABIOSFERA) VALUES (151, '0000.00.0151', 'PARQUE NACIONAL DA SERRA DO PARDO', 3, 1, 0);
INSERT INTO UC (ID_UC, COD_UC, NOME_UC, ID_IUCN, ID_BIOMAPREDOMINANTE, ID_RESERVABIOSFERA) VALUES (152, '0000.00.0152', 'PARQUE NACIONAL DA SERRA DOS ORGAOS', 3, 4, 4);
INSERT INTO UC (ID_UC, COD_UC, NOME_UC, ID_IUCN, ID_BIOMAPREDOMINANTE, ID_RESERVABIOSFERA) VALUES (153, '0000.00.0153', 'PARQUE NACIONAL DA SERRA GERAL', 3, 4, 4);
INSERT INTO UC (ID_UC, COD_UC, NOME_UC, ID_IUCN, ID_BIOMAPREDOMINANTE, ID_RESERVABIOSFERA) VALUES (154, '0000.00.0154', 'PARQUE NACIONAL DA TIJUCA', 3, 4, 4);
INSERT INTO UC (ID_UC, COD_UC, NOME_UC, ID_IUCN, ID_BIOMAPREDOMINANTE, ID_RESERVABIOSFERA) VALUES (155, '0000.00.0155', 'PARQUE NACIONAL DAS EMAS', 3, 3, 6);
INSERT INTO UC (ID_UC, COD_UC, NOME_UC, ID_IUCN, ID_BIOMAPREDOMINANTE, ID_RESERVABIOSFERA) VALUES (156, '0000.00.0156', 'PARQUE NACIONAL DAS NASCENTES DO RIO PARNAIBA', 3, 3, 3);
INSERT INTO UC (ID_UC, COD_UC, NOME_UC, ID_IUCN, ID_BIOMAPREDOMINANTE, ID_RESERVABIOSFERA) VALUES (157, '0000.00.0157', 'PARQUE NACIONAL DAS SEMPRE VIVAS', 3, 3, 7);
INSERT INTO UC (ID_UC, COD_UC, NOME_UC, ID_IUCN, ID_BIOMAPREDOMINANTE, ID_RESERVABIOSFERA) VALUES (158, '0000.00.0158', 'PARQUE NACIONAL DE APARADOS DA SERRA', 3, 4, 4);
INSERT INTO UC (ID_UC, COD_UC, NOME_UC, ID_IUCN, ID_BIOMAPREDOMINANTE, ID_RESERVABIOSFERA) VALUES (159, '0000.00.0159', 'PARQUE NACIONAL DE BRASÍLIA', 3, 3, 3);
INSERT INTO UC (ID_UC, COD_UC, NOME_UC, ID_IUCN, ID_BIOMAPREDOMINANTE, ID_RESERVABIOSFERA) VALUES (160, '0000.00.0160', 'PARQUE NACIONAL DE CAPARAO', 3, 4, 4);
INSERT INTO UC (ID_UC, COD_UC, NOME_UC, ID_IUCN, ID_BIOMAPREDOMINANTE, ID_RESERVABIOSFERA) VALUES (161, '0000.00.0161', 'PARQUE NACIONAL DE ILHA GRANDE', 3, 4, 4);
INSERT INTO UC (ID_UC, COD_UC, NOME_UC, ID_IUCN, ID_BIOMAPREDOMINANTE, ID_RESERVABIOSFERA) VALUES (162, '0000.00.0162', 'PARQUE NACIONAL DE JERICOACOARA', 3, 2, 4);
INSERT INTO UC (ID_UC, COD_UC, NOME_UC, ID_IUCN, ID_BIOMAPREDOMINANTE, ID_RESERVABIOSFERA) VALUES (163, '0000.00.0163', 'PARQUE NACIONAL DE PACAAS NOVOS', 3, 1, 0);
INSERT INTO UC (ID_UC, COD_UC, NOME_UC, ID_IUCN, ID_BIOMAPREDOMINANTE, ID_RESERVABIOSFERA) VALUES (164, '0000.00.0164', 'PARQUE NACIONAL DE SAINT-HILAIRE/LANGE', 3, 4, 4);


CREATE TABLE [IUCN] (
ID_IUCN INT,
CATEGORIA_IUCN VARCHAR (3),
NOME_IUCN VARCHAR (100),
PRIMARY KEY (ID_IUCN)
);

INSERT INTO IUCN (ID_IUCN, CATEGORIA_IUCN, NOME_IUCN) VALUES (1, 'Ia', 'Reserva natural estrita');
INSERT INTO IUCN (ID_IUCN, CATEGORIA_IUCN, NOME_IUCN) VALUES (2, 'Ib', 'Area de vida selvagem');
INSERT INTO IUCN (ID_IUCN, CATEGORIA_IUCN, NOME_IUCN) VALUES (3, 'II', 'Parque nacional');
INSERT INTO IUCN (ID_IUCN, CATEGORIA_IUCN, NOME_IUCN) VALUES (4, 'III', 'Monumento natural');
INSERT INTO IUCN (ID_IUCN, CATEGORIA_IUCN, NOME_IUCN) VALUES (5, 'IV', 'Area de gestao de especies e habitat');
INSERT INTO IUCN (ID_IUCN, CATEGORIA_IUCN, NOME_IUCN) VALUES (6, 'V', 'Paisagens protegidas terrestres e marinhas');
INSERT INTO IUCN (ID_IUCN, CATEGORIA_IUCN, NOME_IUCN) VALUES (7, 'VI', 'Area protegida de utilizacao sustentavel dos recursos naturais');


CREATE TABLE [BIOMA] (
ID_BIOMA INT,
NOME_BIOMA VARCHAR (30),
REGIAOPREDOMINANTE_BIOMA VARCHAR (15),
PRIMARY KEY (ID_BIOMA)
);

INSERT INTO BIOMA (ID_BIOMA, NOME_BIOMA, REGIAOPREDOMINANTE_BIOMA) VALUES (1, 'AMAZONIA', 'NORTE');
INSERT INTO BIOMA (ID_BIOMA, NOME_BIOMA, REGIAOPREDOMINANTE_BIOMA) VALUES (2, 'CAATINGA', 'NORDESTE');
INSERT INTO BIOMA (ID_BIOMA, NOME_BIOMA, REGIAOPREDOMINANTE_BIOMA) VALUES (3, 'CERRADO', 'CENTRO-OESTE');
INSERT INTO BIOMA (ID_BIOMA, NOME_BIOMA, REGIAOPREDOMINANTE_BIOMA) VALUES (4, 'MATA ATLANTICA', 'SUDESTE');
INSERT INTO BIOMA (ID_BIOMA, NOME_BIOMA, REGIAOPREDOMINANTE_BIOMA) VALUES (5, 'PAMPA', 'SUL');
INSERT INTO BIOMA (ID_BIOMA, NOME_BIOMA, REGIAOPREDOMINANTE_BIOMA) VALUES (6, 'PANTANAL', 'CENTRO-OESTE');

CREATE TABLE [RESERVABIOSFERA] (
ID_RESERVABIOSFERA INT,
NOME_RB VARCHAR (50),
AREA_RB INT,
PRIMARY KEY (ID_RESERVABIOSFERA)
);

INSERT INTO RESERVABIOSFERA (ID_RESERVABIOSFERA, NOME_RB, AREA_RB) VALUES (0, 'Nao Informada', 0);
INSERT INTO RESERVABIOSFERA (ID_RESERVABIOSFERA, NOME_RB, AREA_RB) VALUES (1, 'RB Amazonia Central', 198072);
INSERT INTO RESERVABIOSFERA (ID_RESERVABIOSFERA, NOME_RB, AREA_RB) VALUES (2, 'RB Caatinga', 286837);
INSERT INTO RESERVABIOSFERA (ID_RESERVABIOSFERA, NOME_RB, AREA_RB) VALUES (3, 'RB Cerrado', 285387);
INSERT INTO RESERVABIOSFERA (ID_RESERVABIOSFERA, NOME_RB, AREA_RB) VALUES (4, 'RB Mata Atlantica', 895266);
INSERT INTO RESERVABIOSFERA (ID_RESERVABIOSFERA, NOME_RB, AREA_RB) VALUES (5, 'RB Cinturao Verde da MUNICIPIO de Sao Paulo', 23335);
INSERT INTO RESERVABIOSFERA (ID_RESERVABIOSFERA, NOME_RB, AREA_RB) VALUES (6, 'RB Pantanal', 260642);
INSERT INTO RESERVABIOSFERA (ID_RESERVABIOSFERA, NOME_RB, AREA_RB) VALUES (7, 'RB Serra do Espinhaco', 101905);


CREATE TABLE [UC_ADMINISTRACAO] (
ID_ADM INT,
ID_UC INT,
ID_IUCN INT,
ESFERA_ADMINISTRATIVA VARCHAR (15),
ANO_CRIACAO INT,
ATO_LEGAL_CRIACAO VARCHAR (100),
CONSELHO_GESTOR BIT,
FOREIGN KEY (ID_UC) REFERENCES  UC (ID_UC),
FOREIGN KEY (ID_IUCN) REFERENCES IUCN (ID_IUCN),
PRIMARY KEY (ID_ADM)
);

INSERT INTO UC_ADMINISTRACAO (ID_ADM, ID_UC, ID_IUCN, ESFERA_ADMINISTRATIVA, ANO_CRIACAO, ATO_LEGAL_CRIACAO, CONSELHO_GESTOR) VALUES (1, 1, 6, 'Federal', 1992, 1992, 1);
INSERT INTO UC_ADMINISTRACAO (ID_ADM, ID_UC, ID_IUCN, ESFERA_ADMINISTRATIVA, ANO_CRIACAO, ATO_LEGAL_CRIACAO, CONSELHO_GESTOR) VALUES (2, 2, 6, 'Federal', 1989, 1989, 1);
INSERT INTO UC_ADMINISTRACAO (ID_ADM, ID_UC, ID_IUCN, ESFERA_ADMINISTRATIVA, ANO_CRIACAO, ATO_LEGAL_CRIACAO, CONSELHO_GESTOR) VALUES (3, 3, 6, 'Federal', 1983, 1983, 0);
INSERT INTO UC_ADMINISTRACAO (ID_ADM, ID_UC, ID_IUCN, ESFERA_ADMINISTRATIVA, ANO_CRIACAO, ATO_LEGAL_CRIACAO, CONSELHO_GESTOR) VALUES (4, 4, 6, 'Federal', 1983, 1983, 0);
INSERT INTO UC_ADMINISTRACAO (ID_ADM, ID_UC, ID_IUCN, ESFERA_ADMINISTRATIVA, ANO_CRIACAO, ATO_LEGAL_CRIACAO, CONSELHO_GESTOR) VALUES (5, 5, 6, 'Federal', 2002, 2002, 1);
INSERT INTO UC_ADMINISTRACAO (ID_ADM, ID_UC, ID_IUCN, ESFERA_ADMINISTRATIVA, ANO_CRIACAO, ATO_LEGAL_CRIACAO, CONSELHO_GESTOR) VALUES (6, 6, 6, 'Federal', 2000, 2000, 1);
INSERT INTO UC_ADMINISTRACAO (ID_ADM, ID_UC, ID_IUCN, ESFERA_ADMINISTRATIVA, ANO_CRIACAO, ATO_LEGAL_CRIACAO, CONSELHO_GESTOR) VALUES (7, 7, 6, 'Federal', 1993, 1998, 1);
INSERT INTO UC_ADMINISTRACAO (ID_ADM, ID_UC, ID_IUCN, ESFERA_ADMINISTRATIVA, ANO_CRIACAO, ATO_LEGAL_CRIACAO, CONSELHO_GESTOR) VALUES (8, 8, 6, 'Federal', 1997, 1997, 1);
INSERT INTO UC_ADMINISTRACAO (ID_ADM, ID_UC, ID_IUCN, ESFERA_ADMINISTRATIVA, ANO_CRIACAO, ATO_LEGAL_CRIACAO, CONSELHO_GESTOR) VALUES (9, 9, 6, 'Federal', 1997, 1997, 1);
INSERT INTO UC_ADMINISTRACAO (ID_ADM, ID_UC, ID_IUCN, ESFERA_ADMINISTRATIVA, ANO_CRIACAO, ATO_LEGAL_CRIACAO, CONSELHO_GESTOR) VALUES (10, 10, 6, 'Federal', 1982, 1992, 1);
INSERT INTO UC_ADMINISTRACAO (ID_ADM, ID_UC, ID_IUCN, ESFERA_ADMINISTRATIVA, ANO_CRIACAO, ATO_LEGAL_CRIACAO, CONSELHO_GESTOR) VALUES (11, 11, 6, 'Federal', 1985, 1985, 1);
INSERT INTO UC_ADMINISTRACAO (ID_ADM, ID_UC, ID_IUCN, ESFERA_ADMINISTRATIVA, ANO_CRIACAO, ATO_LEGAL_CRIACAO, CONSELHO_GESTOR) VALUES (12, 12, 6, 'Federal', 1990, 2002, 0);
INSERT INTO UC_ADMINISTRACAO (ID_ADM, ID_UC, ID_IUCN, ESFERA_ADMINISTRATIVA, ANO_CRIACAO, ATO_LEGAL_CRIACAO, CONSELHO_GESTOR) VALUES (13, 13, 6, 'Federal', 1983, 1983, 1);
INSERT INTO UC_ADMINISTRACAO (ID_ADM, ID_UC, ID_IUCN, ESFERA_ADMINISTRATIVA, ANO_CRIACAO, ATO_LEGAL_CRIACAO, CONSELHO_GESTOR) VALUES (14, 14, 6, 'Federal', 1984, 1995, 1);
INSERT INTO UC_ADMINISTRACAO (ID_ADM, ID_UC, ID_IUCN, ESFERA_ADMINISTRATIVA, ANO_CRIACAO, ATO_LEGAL_CRIACAO, CONSELHO_GESTOR) VALUES (15, 15, 6, 'Federal', 1986, 1986, 1);
INSERT INTO UC_ADMINISTRACAO (ID_ADM, ID_UC, ID_IUCN, ESFERA_ADMINISTRATIVA, ANO_CRIACAO, ATO_LEGAL_CRIACAO, CONSELHO_GESTOR) VALUES (16, 16, 6, 'Federal', 1984, 1984, 1);
INSERT INTO UC_ADMINISTRACAO (ID_ADM, ID_UC, ID_IUCN, ESFERA_ADMINISTRATIVA, ANO_CRIACAO, ATO_LEGAL_CRIACAO, CONSELHO_GESTOR) VALUES (17, 17, 6, 'Federal', 1985, 1997, 1);
INSERT INTO UC_ADMINISTRACAO (ID_ADM, ID_UC, ID_IUCN, ESFERA_ADMINISTRATIVA, ANO_CRIACAO, ATO_LEGAL_CRIACAO, CONSELHO_GESTOR) VALUES (18, 18, 6, 'Federal', 1983, 1983, 1);
INSERT INTO UC_ADMINISTRACAO (ID_ADM, ID_UC, ID_IUCN, ESFERA_ADMINISTRATIVA, ANO_CRIACAO, ATO_LEGAL_CRIACAO, CONSELHO_GESTOR) VALUES (19, 19, 6, 'Federal', 1996, 1996, 1);
INSERT INTO UC_ADMINISTRACAO (ID_ADM, ID_UC, ID_IUCN, ESFERA_ADMINISTRATIVA, ANO_CRIACAO, ATO_LEGAL_CRIACAO, CONSELHO_GESTOR) VALUES (20, 20, 6, 'Federal', 1990, 1996, 1);
INSERT INTO UC_ADMINISTRACAO (ID_ADM, ID_UC, ID_IUCN, ESFERA_ADMINISTRATIVA, ANO_CRIACAO, ATO_LEGAL_CRIACAO, CONSELHO_GESTOR) VALUES (21, 21, 6, 'Federal', 1992, 1992, 1);
INSERT INTO UC_ADMINISTRACAO (ID_ADM, ID_UC, ID_IUCN, ESFERA_ADMINISTRATIVA, ANO_CRIACAO, ATO_LEGAL_CRIACAO, CONSELHO_GESTOR) VALUES (22, 22, 6, 'Federal', 1989, 1989, 0);
INSERT INTO UC_ADMINISTRACAO (ID_ADM, ID_UC, ID_IUCN, ESFERA_ADMINISTRATIVA, ANO_CRIACAO, ATO_LEGAL_CRIACAO, CONSELHO_GESTOR) VALUES (23, 23, 6, 'Federal', 2002, 2002, 1);
INSERT INTO UC_ADMINISTRACAO (ID_ADM, ID_UC, ID_IUCN, ESFERA_ADMINISTRATIVA, ANO_CRIACAO, ATO_LEGAL_CRIACAO, CONSELHO_GESTOR) VALUES (24, 24, 6, 'Federal', 1998, 1998, 1);
INSERT INTO UC_ADMINISTRACAO (ID_ADM, ID_UC, ID_IUCN, ESFERA_ADMINISTRATIVA, ANO_CRIACAO, ATO_LEGAL_CRIACAO, CONSELHO_GESTOR) VALUES (25, 25, 6, 'Federal', 1997, 1997, 1);
INSERT INTO UC_ADMINISTRACAO (ID_ADM, ID_UC, ID_IUCN, ESFERA_ADMINISTRATIVA, ANO_CRIACAO, ATO_LEGAL_CRIACAO, CONSELHO_GESTOR) VALUES (27, 27, 6, 'Federal', 1990, 1990, 1);
INSERT INTO UC_ADMINISTRACAO (ID_ADM, ID_UC, ID_IUCN, ESFERA_ADMINISTRATIVA, ANO_CRIACAO, ATO_LEGAL_CRIACAO, CONSELHO_GESTOR) VALUES (28, 28, 6, 'Federal', 2001, 2001, 1);
INSERT INTO UC_ADMINISTRACAO (ID_ADM, ID_UC, ID_IUCN, ESFERA_ADMINISTRATIVA, ANO_CRIACAO, ATO_LEGAL_CRIACAO, CONSELHO_GESTOR) VALUES (29, 29, 6, 'Federal', 1996, 1996, 0);
INSERT INTO UC_ADMINISTRACAO (ID_ADM, ID_UC, ID_IUCN, ESFERA_ADMINISTRATIVA, ANO_CRIACAO, ATO_LEGAL_CRIACAO, CONSELHO_GESTOR) VALUES (30, 30, 5, 'Federal', 1990, 1990, 0);
INSERT INTO UC_ADMINISTRACAO (ID_ADM, ID_UC, ID_IUCN, ESFERA_ADMINISTRATIVA, ANO_CRIACAO, ATO_LEGAL_CRIACAO, CONSELHO_GESTOR) VALUES (31, 31, 5, 'Federal', 1985, 1985, 0);
INSERT INTO UC_ADMINISTRACAO (ID_ADM, ID_UC, ID_IUCN, ESFERA_ADMINISTRATIVA, ANO_CRIACAO, ATO_LEGAL_CRIACAO, CONSELHO_GESTOR) VALUES (32, 32, 5, 'Federal', 1990, 1990, 0);
INSERT INTO UC_ADMINISTRACAO (ID_ADM, ID_UC, ID_IUCN, ESFERA_ADMINISTRATIVA, ANO_CRIACAO, ATO_LEGAL_CRIACAO, CONSELHO_GESTOR) VALUES (34, 34, 4, 'Federal', 1989, 2010, 0);
INSERT INTO UC_ADMINISTRACAO (ID_ADM, ID_UC, ID_IUCN, ESFERA_ADMINISTRATIVA, ANO_CRIACAO, ATO_LEGAL_CRIACAO, CONSELHO_GESTOR) VALUES (35, 35, 5, 'Federal', 1985, 1985, 1);
INSERT INTO UC_ADMINISTRACAO (ID_ADM, ID_UC, ID_IUCN, ESFERA_ADMINISTRATIVA, ANO_CRIACAO, ATO_LEGAL_CRIACAO, CONSELHO_GESTOR) VALUES (36, 36, 5, 'Federal', 1985, 1985, 0);
INSERT INTO UC_ADMINISTRACAO (ID_ADM, ID_UC, ID_IUCN, ESFERA_ADMINISTRATIVA, ANO_CRIACAO, ATO_LEGAL_CRIACAO, CONSELHO_GESTOR) VALUES (37, 37, 5, 'Federal', 1985, 1985, 0);
INSERT INTO UC_ADMINISTRACAO (ID_ADM, ID_UC, ID_IUCN, ESFERA_ADMINISTRATIVA, ANO_CRIACAO, ATO_LEGAL_CRIACAO, CONSELHO_GESTOR) VALUES (38, 38, 5, 'Federal', 1985, 1985, 0);
INSERT INTO UC_ADMINISTRACAO (ID_ADM, ID_UC, ID_IUCN, ESFERA_ADMINISTRATIVA, ANO_CRIACAO, ATO_LEGAL_CRIACAO, CONSELHO_GESTOR) VALUES (39, 39, 5, 'Federal', 1985, 1985, 0);
INSERT INTO UC_ADMINISTRACAO (ID_ADM, ID_UC, ID_IUCN, ESFERA_ADMINISTRATIVA, ANO_CRIACAO, ATO_LEGAL_CRIACAO, CONSELHO_GESTOR) VALUES (40, 40, 5, 'Federal', 1985, 1985, 1);
INSERT INTO UC_ADMINISTRACAO (ID_ADM, ID_UC, ID_IUCN, ESFERA_ADMINISTRATIVA, ANO_CRIACAO, ATO_LEGAL_CRIACAO, CONSELHO_GESTOR) VALUES (41, 41, 5, 'Federal', 1985, 1985, 0);
INSERT INTO UC_ADMINISTRACAO (ID_ADM, ID_UC, ID_IUCN, ESFERA_ADMINISTRATIVA, ANO_CRIACAO, ATO_LEGAL_CRIACAO, CONSELHO_GESTOR) VALUES (43, 43, 5, 'Federal', 1985, 1985, 0);
INSERT INTO UC_ADMINISTRACAO (ID_ADM, ID_UC, ID_IUCN, ESFERA_ADMINISTRATIVA, ANO_CRIACAO, ATO_LEGAL_CRIACAO, CONSELHO_GESTOR) VALUES (44, 44, 5, 'Federal', 1999, 1999, 0);
INSERT INTO UC_ADMINISTRACAO (ID_ADM, ID_UC, ID_IUCN, ESFERA_ADMINISTRATIVA, ANO_CRIACAO, ATO_LEGAL_CRIACAO, CONSELHO_GESTOR) VALUES (45, 45, 5, 'Federal', 1996, 1996, 1);
INSERT INTO UC_ADMINISTRACAO (ID_ADM, ID_UC, ID_IUCN, ESFERA_ADMINISTRATIVA, ANO_CRIACAO, ATO_LEGAL_CRIACAO, CONSELHO_GESTOR) VALUES (47, 47, 1, 'Federal', 2005, 2005, 1);
INSERT INTO UC_ADMINISTRACAO (ID_ADM, ID_UC, ID_IUCN, ESFERA_ADMINISTRATIVA, ANO_CRIACAO, ATO_LEGAL_CRIACAO, CONSELHO_GESTOR) VALUES (48, 48, 1, 'Federal', 2001, 2001, 0);
INSERT INTO UC_ADMINISTRACAO (ID_ADM, ID_UC, ID_IUCN, ESFERA_ADMINISTRATIVA, ANO_CRIACAO, ATO_LEGAL_CRIACAO, CONSELHO_GESTOR) VALUES (49, 49, 3, 'Federal', 1981, 2008, 1);
INSERT INTO UC_ADMINISTRACAO (ID_ADM, ID_UC, ID_IUCN, ESFERA_ADMINISTRATIVA, ANO_CRIACAO, ATO_LEGAL_CRIACAO, CONSELHO_GESTOR) VALUES (50, 50, 1, 'Federal', 1981, 1981, 0);
INSERT INTO UC_ADMINISTRACAO (ID_ADM, ID_UC, ID_IUCN, ESFERA_ADMINISTRATIVA, ANO_CRIACAO, ATO_LEGAL_CRIACAO, CONSELHO_GESTOR) VALUES (52, 52, 1, 'Federal', 1987, 1987, 1);
INSERT INTO UC_ADMINISTRACAO (ID_ADM, ID_UC, ID_IUCN, ESFERA_ADMINISTRATIVA, ANO_CRIACAO, ATO_LEGAL_CRIACAO, CONSELHO_GESTOR) VALUES (53, 53, 1, 'Federal', 2001, 2010, 1);
INSERT INTO UC_ADMINISTRACAO (ID_ADM, ID_UC, ID_IUCN, ESFERA_ADMINISTRATIVA, ANO_CRIACAO, ATO_LEGAL_CRIACAO, CONSELHO_GESTOR) VALUES (54, 54, 1, 'Federal', 1982, 1997, 1);
INSERT INTO UC_ADMINISTRACAO (ID_ADM, ID_UC, ID_IUCN, ESFERA_ADMINISTRATIVA, ANO_CRIACAO, ATO_LEGAL_CRIACAO, CONSELHO_GESTOR) VALUES (56, 56, 1, 'Federal', 1983, 2001, 1);
INSERT INTO UC_ADMINISTRACAO (ID_ADM, ID_UC, ID_IUCN, ESFERA_ADMINISTRATIVA, ANO_CRIACAO, ATO_LEGAL_CRIACAO, CONSELHO_GESTOR) VALUES (57, 57, 1, 'Federal', 1981, 1981, 1);
INSERT INTO UC_ADMINISTRACAO (ID_ADM, ID_UC, ID_IUCN, ESFERA_ADMINISTRATIVA, ANO_CRIACAO, ATO_LEGAL_CRIACAO, CONSELHO_GESTOR) VALUES (58, 58, 1, 'Federal', 1981, 1981, 1);
INSERT INTO UC_ADMINISTRACAO (ID_ADM, ID_UC, ID_IUCN, ESFERA_ADMINISTRATIVA, ANO_CRIACAO, ATO_LEGAL_CRIACAO, CONSELHO_GESTOR) VALUES (59, 59, 1, 'Federal', 2001, 2001, 1);
INSERT INTO UC_ADMINISTRACAO (ID_ADM, ID_UC, ID_IUCN, ESFERA_ADMINISTRATIVA, ANO_CRIACAO, ATO_LEGAL_CRIACAO, CONSELHO_GESTOR) VALUES (60, 60, 1, 'Federal', 1985, 1985, 1);
INSERT INTO UC_ADMINISTRACAO (ID_ADM, ID_UC, ID_IUCN, ESFERA_ADMINISTRATIVA, ANO_CRIACAO, ATO_LEGAL_CRIACAO, CONSELHO_GESTOR) VALUES (61, 61, 1, 'Federal', 1987, 1987, 1);
INSERT INTO UC_ADMINISTRACAO (ID_ADM, ID_UC, ID_IUCN, ESFERA_ADMINISTRATIVA, ANO_CRIACAO, ATO_LEGAL_CRIACAO, CONSELHO_GESTOR) VALUES (62, 62, 1, 'Federal', 1981, 2009, 1);
INSERT INTO UC_ADMINISTRACAO (ID_ADM, ID_UC, ID_IUCN, ESFERA_ADMINISTRATIVA, ANO_CRIACAO, ATO_LEGAL_CRIACAO, CONSELHO_GESTOR) VALUES (63, 63, 1, 'Federal', 1990, 1990, 1);
INSERT INTO UC_ADMINISTRACAO (ID_ADM, ID_UC, ID_IUCN, ESFERA_ADMINISTRATIVA, ANO_CRIACAO, ATO_LEGAL_CRIACAO, CONSELHO_GESTOR) VALUES (64, 64, 1, 'Federal', 1987, 1987, 1);
INSERT INTO UC_ADMINISTRACAO (ID_ADM, ID_UC, ID_IUCN, ESFERA_ADMINISTRATIVA, ANO_CRIACAO, ATO_LEGAL_CRIACAO, CONSELHO_GESTOR) VALUES (65, 65, 1, 'Federal', 1981, 1981, 0);
INSERT INTO UC_ADMINISTRACAO (ID_ADM, ID_UC, ID_IUCN, ESFERA_ADMINISTRATIVA, ANO_CRIACAO, ATO_LEGAL_CRIACAO, CONSELHO_GESTOR) VALUES (66, 66, 1, 'Federal', 2001, 2001, 0);
INSERT INTO UC_ADMINISTRACAO (ID_ADM, ID_UC, ID_IUCN, ESFERA_ADMINISTRATIVA, ANO_CRIACAO, ATO_LEGAL_CRIACAO, CONSELHO_GESTOR) VALUES (67, 67, 1, 'Federal', 1982, 1984, 1);
INSERT INTO UC_ADMINISTRACAO (ID_ADM, ID_UC, ID_IUCN, ESFERA_ADMINISTRATIVA, ANO_CRIACAO, ATO_LEGAL_CRIACAO, CONSELHO_GESTOR) VALUES (68, 68, 1, 'Federal', 1981, 1981, 1);
INSERT INTO UC_ADMINISTRACAO (ID_ADM, ID_UC, ID_IUCN, ESFERA_ADMINISTRATIVA, ANO_CRIACAO, ATO_LEGAL_CRIACAO, CONSELHO_GESTOR) VALUES (69, 69, 1, 'Federal', 1982, 1982, 1);
INSERT INTO UC_ADMINISTRACAO (ID_ADM, ID_UC, ID_IUCN, ESFERA_ADMINISTRATIVA, ANO_CRIACAO, ATO_LEGAL_CRIACAO, CONSELHO_GESTOR) VALUES (70, 70, 1, 'Federal', 1986, 2017, 1);
INSERT INTO UC_ADMINISTRACAO (ID_ADM, ID_UC, ID_IUCN, ESFERA_ADMINISTRATIVA, ANO_CRIACAO, ATO_LEGAL_CRIACAO, CONSELHO_GESTOR) VALUES (71, 71, 1, 'Federal', 1986, 1986, 0);
INSERT INTO UC_ADMINISTRACAO (ID_ADM, ID_UC, ID_IUCN, ESFERA_ADMINISTRATIVA, ANO_CRIACAO, ATO_LEGAL_CRIACAO, CONSELHO_GESTOR) VALUES (72, 72, 1, 'Federal', 1985, 1985, 1);
INSERT INTO UC_ADMINISTRACAO (ID_ADM, ID_UC, ID_IUCN, ESFERA_ADMINISTRATIVA, ANO_CRIACAO, ATO_LEGAL_CRIACAO, CONSELHO_GESTOR) VALUES (73, 73, 1, 'Federal', 2002, 2004, 1);
INSERT INTO UC_ADMINISTRACAO (ID_ADM, ID_UC, ID_IUCN, ESFERA_ADMINISTRATIVA, ANO_CRIACAO, ATO_LEGAL_CRIACAO, CONSELHO_GESTOR) VALUES (74, 74, 1, 'Federal', 1984, 2001, 1);
INSERT INTO UC_ADMINISTRACAO (ID_ADM, ID_UC, ID_IUCN, ESFERA_ADMINISTRATIVA, ANO_CRIACAO, ATO_LEGAL_CRIACAO, CONSELHO_GESTOR) VALUES (75, 75, 1, 'Federal', 1982, 1982, 1);
INSERT INTO UC_ADMINISTRACAO (ID_ADM, ID_UC, ID_IUCN, ESFERA_ADMINISTRATIVA, ANO_CRIACAO, ATO_LEGAL_CRIACAO, CONSELHO_GESTOR) VALUES (76, 76, 1, 'Federal', 2001, 2001, 1);
INSERT INTO UC_ADMINISTRACAO (ID_ADM, ID_UC, ID_IUCN, ESFERA_ADMINISTRATIVA, ANO_CRIACAO, ATO_LEGAL_CRIACAO, CONSELHO_GESTOR) VALUES (77, 77, 7, 'Federal', 1968, 1968, 1);
INSERT INTO UC_ADMINISTRACAO (ID_ADM, ID_UC, ID_IUCN, ESFERA_ADMINISTRATIVA, ANO_CRIACAO, ATO_LEGAL_CRIACAO, CONSELHO_GESTOR) VALUES (78, 78, 7, 'Federal', 1968, 1968, 0);
INSERT INTO UC_ADMINISTRACAO (ID_ADM, ID_UC, ID_IUCN, ESFERA_ADMINISTRATIVA, ANO_CRIACAO, ATO_LEGAL_CRIACAO, CONSELHO_GESTOR) VALUES (79, 79, 7, 'Federal', 1968, 1968, 1);
INSERT INTO UC_ADMINISTRACAO (ID_ADM, ID_UC, ID_IUCN, ESFERA_ADMINISTRATIVA, ANO_CRIACAO, ATO_LEGAL_CRIACAO, CONSELHO_GESTOR) VALUES (80, 80, 7, 'Federal', 1968, 1968, 1);
INSERT INTO UC_ADMINISTRACAO (ID_ADM, ID_UC, ID_IUCN, ESFERA_ADMINISTRATIVA, ANO_CRIACAO, ATO_LEGAL_CRIACAO, CONSELHO_GESTOR) VALUES (81, 81, 7, 'Federal', 1999, 1999, 1);
INSERT INTO UC_ADMINISTRACAO (ID_ADM, ID_UC, ID_IUCN, ESFERA_ADMINISTRATIVA, ANO_CRIACAO, ATO_LEGAL_CRIACAO, CONSELHO_GESTOR) VALUES (82, 82, 7, 'Federal', 1950, 2001, 1);
INSERT INTO UC_ADMINISTRACAO (ID_ADM, ID_UC, ID_IUCN, ESFERA_ADMINISTRATIVA, ANO_CRIACAO, ATO_LEGAL_CRIACAO, CONSELHO_GESTOR) VALUES (83, 83, 7, 'Federal', 1998, 1998, 1);
INSERT INTO UC_ADMINISTRACAO (ID_ADM, ID_UC, ID_IUCN, ESFERA_ADMINISTRATIVA, ANO_CRIACAO, ATO_LEGAL_CRIACAO, CONSELHO_GESTOR) VALUES (84, 84, 7, 'Federal', 2005, 2005, 1);
INSERT INTO UC_ADMINISTRACAO (ID_ADM, ID_UC, ID_IUCN, ESFERA_ADMINISTRATIVA, ANO_CRIACAO, ATO_LEGAL_CRIACAO, CONSELHO_GESTOR) VALUES (85, 85, 7, 'Federal', 2005, 2008, 1);
INSERT INTO UC_ADMINISTRACAO (ID_ADM, ID_UC, ID_IUCN, ESFERA_ADMINISTRATIVA, ANO_CRIACAO, ATO_LEGAL_CRIACAO, CONSELHO_GESTOR) VALUES (86, 86, 7, 'Federal', 1999, 1999, 1);
INSERT INTO UC_ADMINISTRACAO (ID_ADM, ID_UC, ID_IUCN, ESFERA_ADMINISTRATIVA, ANO_CRIACAO, ATO_LEGAL_CRIACAO, CONSELHO_GESTOR) VALUES (87, 87, 7, 'Federal', 1968, 1968, 1);
INSERT INTO UC_ADMINISTRACAO (ID_ADM, ID_UC, ID_IUCN, ESFERA_ADMINISTRATIVA, ANO_CRIACAO, ATO_LEGAL_CRIACAO, CONSELHO_GESTOR) VALUES (88, 88, 7, 'Federal', 1998, 1998, 1);
INSERT INTO UC_ADMINISTRACAO (ID_ADM, ID_UC, ID_IUCN, ESFERA_ADMINISTRATIVA, ANO_CRIACAO, ATO_LEGAL_CRIACAO, CONSELHO_GESTOR) VALUES (89, 89, 7, 'Federal', 1961, 1961, 0);
INSERT INTO UC_ADMINISTRACAO (ID_ADM, ID_UC, ID_IUCN, ESFERA_ADMINISTRATIVA, ANO_CRIACAO, ATO_LEGAL_CRIACAO, CONSELHO_GESTOR) VALUES (90, 90, 7, 'Federal', 2001, 2001, 0);
INSERT INTO UC_ADMINISTRACAO (ID_ADM, ID_UC, ID_IUCN, ESFERA_ADMINISTRATIVA, ANO_CRIACAO, ATO_LEGAL_CRIACAO, CONSELHO_GESTOR) VALUES (91, 91, 7, 'Federal', 2002, 2012, 1);
INSERT INTO UC_ADMINISTRACAO (ID_ADM, ID_UC, ID_IUCN, ESFERA_ADMINISTRATIVA, ANO_CRIACAO, ATO_LEGAL_CRIACAO, CONSELHO_GESTOR) VALUES (92, 92, 7, 'Federal', 1998, 1998, 0);
INSERT INTO UC_ADMINISTRACAO (ID_ADM, ID_UC, ID_IUCN, ESFERA_ADMINISTRATIVA, ANO_CRIACAO, ATO_LEGAL_CRIACAO, CONSELHO_GESTOR) VALUES (93, 93, 7, 'Federal', 1988, 1988, 1);
INSERT INTO UC_ADMINISTRACAO (ID_ADM, ID_UC, ID_IUCN, ESFERA_ADMINISTRATIVA, ANO_CRIACAO, ATO_LEGAL_CRIACAO, CONSELHO_GESTOR) VALUES (94, 94, 7, 'Federal', 1992, 1992, 1);
INSERT INTO UC_ADMINISTRACAO (ID_ADM, ID_UC, ID_IUCN, ESFERA_ADMINISTRATIVA, ANO_CRIACAO, ATO_LEGAL_CRIACAO, CONSELHO_GESTOR) VALUES (95, 95, 7, 'Federal', 1998, 2012, 1);
INSERT INTO UC_ADMINISTRACAO (ID_ADM, ID_UC, ID_IUCN, ESFERA_ADMINISTRATIVA, ANO_CRIACAO, ATO_LEGAL_CRIACAO, CONSELHO_GESTOR) VALUES (96, 96, 7, 'Federal', 1998, 2012, 1);
INSERT INTO UC_ADMINISTRACAO (ID_ADM, ID_UC, ID_IUCN, ESFERA_ADMINISTRATIVA, ANO_CRIACAO, ATO_LEGAL_CRIACAO, CONSELHO_GESTOR) VALUES (97, 97, 7, 'Federal', 2004, 2004, 1);
INSERT INTO UC_ADMINISTRACAO (ID_ADM, ID_UC, ID_IUCN, ESFERA_ADMINISTRATIVA, ANO_CRIACAO, ATO_LEGAL_CRIACAO, CONSELHO_GESTOR) VALUES (98, 98, 7, 'Federal', 1934, 2001, 1);
INSERT INTO UC_ADMINISTRACAO (ID_ADM, ID_UC, ID_IUCN, ESFERA_ADMINISTRATIVA, ANO_CRIACAO, ATO_LEGAL_CRIACAO, CONSELHO_GESTOR) VALUES (99, 99, 7, 'Federal', 2001, 2001, 1);
INSERT INTO UC_ADMINISTRACAO (ID_ADM, ID_UC, ID_IUCN, ESFERA_ADMINISTRATIVA, ANO_CRIACAO, ATO_LEGAL_CRIACAO, CONSELHO_GESTOR) VALUES (100, 100, 7, 'Federal', 2001, 2001, 1);
INSERT INTO UC_ADMINISTRACAO (ID_ADM, ID_UC, ID_IUCN, ESFERA_ADMINISTRATIVA, ANO_CRIACAO, ATO_LEGAL_CRIACAO, CONSELHO_GESTOR) VALUES (101, 101, 7, 'Federal', 2002, 2002, 1);
INSERT INTO UC_ADMINISTRACAO (ID_ADM, ID_UC, ID_IUCN, ESFERA_ADMINISTRATIVA, ANO_CRIACAO, ATO_LEGAL_CRIACAO, CONSELHO_GESTOR) VALUES (102, 102, 7, 'Federal', 2005, 2005, 1);
INSERT INTO UC_ADMINISTRACAO (ID_ADM, ID_UC, ID_IUCN, ESFERA_ADMINISTRATIVA, ANO_CRIACAO, ATO_LEGAL_CRIACAO, CONSELHO_GESTOR) VALUES (103, 103, 7, 'Federal', 1950, 2001, 1);
INSERT INTO UC_ADMINISTRACAO (ID_ADM, ID_UC, ID_IUCN, ESFERA_ADMINISTRATIVA, ANO_CRIACAO, ATO_LEGAL_CRIACAO, CONSELHO_GESTOR) VALUES (104, 104, 7, 'Federal', 2001, 2001, 1);
INSERT INTO UC_ADMINISTRACAO (ID_ADM, ID_UC, ID_IUCN, ESFERA_ADMINISTRATIVA, ANO_CRIACAO, ATO_LEGAL_CRIACAO, CONSELHO_GESTOR) VALUES (105, 105, 7, 'Federal', 1999, 1999, 1);
INSERT INTO UC_ADMINISTRACAO (ID_ADM, ID_UC, ID_IUCN, ESFERA_ADMINISTRATIVA, ANO_CRIACAO, ATO_LEGAL_CRIACAO, CONSELHO_GESTOR) VALUES (106, 106, 7, 'Federal', 1989, 2009, 1);
INSERT INTO UC_ADMINISTRACAO (ID_ADM, ID_UC, ID_IUCN, ESFERA_ADMINISTRATIVA, ANO_CRIACAO, ATO_LEGAL_CRIACAO, CONSELHO_GESTOR) VALUES (107, 107, 7, 'Federal', 2001, 2001, 0);
INSERT INTO UC_ADMINISTRACAO (ID_ADM, ID_UC, ID_IUCN, ESFERA_ADMINISTRATIVA, ANO_CRIACAO, ATO_LEGAL_CRIACAO, CONSELHO_GESTOR) VALUES (108, 108, 7, 'Federal', 2001, 2001, 1);
INSERT INTO UC_ADMINISTRACAO (ID_ADM, ID_UC, ID_IUCN, ESFERA_ADMINISTRATIVA, ANO_CRIACAO, ATO_LEGAL_CRIACAO, CONSELHO_GESTOR) VALUES (109, 109, 7, 'Federal', 1989, 1989, 1);
INSERT INTO UC_ADMINISTRACAO (ID_ADM, ID_UC, ID_IUCN, ESFERA_ADMINISTRATIVA, ANO_CRIACAO, ATO_LEGAL_CRIACAO, CONSELHO_GESTOR) VALUES (110, 110, 7, 'Federal', 1949, 2001, 1);
INSERT INTO UC_ADMINISTRACAO (ID_ADM, ID_UC, ID_IUCN, ESFERA_ADMINISTRATIVA, ANO_CRIACAO, ATO_LEGAL_CRIACAO, CONSELHO_GESTOR) VALUES (111, 111, 7, 'Federal', 1947, 2001, 0);
INSERT INTO UC_ADMINISTRACAO (ID_ADM, ID_UC, ID_IUCN, ESFERA_ADMINISTRATIVA, ANO_CRIACAO, ATO_LEGAL_CRIACAO, CONSELHO_GESTOR) VALUES (112, 112, 7, 'Federal', 1989, 1989, 0);
INSERT INTO UC_ADMINISTRACAO (ID_ADM, ID_UC, ID_IUCN, ESFERA_ADMINISTRATIVA, ANO_CRIACAO, ATO_LEGAL_CRIACAO, CONSELHO_GESTOR) VALUES (113, 113, 7, 'Federal', 1989, 1989, 1);
INSERT INTO UC_ADMINISTRACAO (ID_ADM, ID_UC, ID_IUCN, ESFERA_ADMINISTRATIVA, ANO_CRIACAO, ATO_LEGAL_CRIACAO, CONSELHO_GESTOR) VALUES (114, 114, 7, 'Federal', 1989, 1989, 0);
INSERT INTO UC_ADMINISTRACAO (ID_ADM, ID_UC, ID_IUCN, ESFERA_ADMINISTRATIVA, ANO_CRIACAO, ATO_LEGAL_CRIACAO, CONSELHO_GESTOR) VALUES (115, 115, 7, 'Federal', 1946, 2012, 0);
INSERT INTO UC_ADMINISTRACAO (ID_ADM, ID_UC, ID_IUCN, ESFERA_ADMINISTRATIVA, ANO_CRIACAO, ATO_LEGAL_CRIACAO, CONSELHO_GESTOR) VALUES (116, 116, 7, 'Federal', 1988, 2010, 0);
INSERT INTO UC_ADMINISTRACAO (ID_ADM, ID_UC, ID_IUCN, ESFERA_ADMINISTRATIVA, ANO_CRIACAO, ATO_LEGAL_CRIACAO, CONSELHO_GESTOR) VALUES (117, 117, 7, 'Federal', 1998, 1998, 0);
INSERT INTO UC_ADMINISTRACAO (ID_ADM, ID_UC, ID_IUCN, ESFERA_ADMINISTRATIVA, ANO_CRIACAO, ATO_LEGAL_CRIACAO, CONSELHO_GESTOR) VALUES (118, 118, 7, 'Federal', 1984, 1984, 1);
INSERT INTO UC_ADMINISTRACAO (ID_ADM, ID_UC, ID_IUCN, ESFERA_ADMINISTRATIVA, ANO_CRIACAO, ATO_LEGAL_CRIACAO, CONSELHO_GESTOR) VALUES (119, 119, 7, 'Federal', 2002, 2002, 1);
INSERT INTO UC_ADMINISTRACAO (ID_ADM, ID_UC, ID_IUCN, ESFERA_ADMINISTRATIVA, ANO_CRIACAO, ATO_LEGAL_CRIACAO, CONSELHO_GESTOR) VALUES (120, 120, 7, 'Federal', 1988, 1988, 1);
INSERT INTO UC_ADMINISTRACAO (ID_ADM, ID_UC, ID_IUCN, ESFERA_ADMINISTRATIVA, ANO_CRIACAO, ATO_LEGAL_CRIACAO, CONSELHO_GESTOR) VALUES (121, 121, 7, 'Federal', 1988, 1988, 1);
INSERT INTO UC_ADMINISTRACAO (ID_ADM, ID_UC, ID_IUCN, ESFERA_ADMINISTRATIVA, ANO_CRIACAO, ATO_LEGAL_CRIACAO, CONSELHO_GESTOR) VALUES (122, 122, 7, 'Federal', 1990, 1990, 0);
INSERT INTO UC_ADMINISTRACAO (ID_ADM, ID_UC, ID_IUCN, ESFERA_ADMINISTRATIVA, ANO_CRIACAO, ATO_LEGAL_CRIACAO, CONSELHO_GESTOR) VALUES (123, 123, 7, 'Federal', 1974, 2012, 1);
INSERT INTO UC_ADMINISTRACAO (ID_ADM, ID_UC, ID_IUCN, ESFERA_ADMINISTRATIVA, ANO_CRIACAO, ATO_LEGAL_CRIACAO, CONSELHO_GESTOR) VALUES (124, 124, 7, 'Federal', 1989, 1989, 0);
INSERT INTO UC_ADMINISTRACAO (ID_ADM, ID_UC, ID_IUCN, ESFERA_ADMINISTRATIVA, ANO_CRIACAO, ATO_LEGAL_CRIACAO, CONSELHO_GESTOR) VALUES (125, 125, 7, 'Federal', 1968, 1968, 1);
INSERT INTO UC_ADMINISTRACAO (ID_ADM, ID_UC, ID_IUCN, ESFERA_ADMINISTRATIVA, ANO_CRIACAO, ATO_LEGAL_CRIACAO, CONSELHO_GESTOR) VALUES (126, 126, 7, 'Federal', 1989, 1989, 1);
INSERT INTO UC_ADMINISTRACAO (ID_ADM, ID_UC, ID_IUCN, ESFERA_ADMINISTRATIVA, ANO_CRIACAO, ATO_LEGAL_CRIACAO, CONSELHO_GESTOR) VALUES (127, 127, 7, 'Federal', 1986, 1986, 1);
INSERT INTO UC_ADMINISTRACAO (ID_ADM, ID_UC, ID_IUCN, ESFERA_ADMINISTRATIVA, ANO_CRIACAO, ATO_LEGAL_CRIACAO, CONSELHO_GESTOR) VALUES (128, 128, 7, 'Federal', 2003, 2003, 0);
INSERT INTO UC_ADMINISTRACAO (ID_ADM, ID_UC, ID_IUCN, ESFERA_ADMINISTRATIVA, ANO_CRIACAO, ATO_LEGAL_CRIACAO, CONSELHO_GESTOR) VALUES (129, 129, 7, 'Federal', 1968, 1968, 1);
INSERT INTO UC_ADMINISTRACAO (ID_ADM, ID_UC, ID_IUCN, ESFERA_ADMINISTRATIVA, ANO_CRIACAO, ATO_LEGAL_CRIACAO, CONSELHO_GESTOR) VALUES (130, 130, 7, 'Federal', 1968, 1968, 1);
INSERT INTO UC_ADMINISTRACAO (ID_ADM, ID_UC, ID_IUCN, ESFERA_ADMINISTRATIVA, ANO_CRIACAO, ATO_LEGAL_CRIACAO, CONSELHO_GESTOR) VALUES (131, 131, 7, 'Federal', 2004, 2004, 1);
INSERT INTO UC_ADMINISTRACAO (ID_ADM, ID_UC, ID_IUCN, ESFERA_ADMINISTRATIVA, ANO_CRIACAO, ATO_LEGAL_CRIACAO, CONSELHO_GESTOR) VALUES (132, 132, 7, 'Federal', 2004, 2004, 1);
INSERT INTO UC_ADMINISTRACAO (ID_ADM, ID_UC, ID_IUCN, ESFERA_ADMINISTRATIVA, ANO_CRIACAO, ATO_LEGAL_CRIACAO, CONSELHO_GESTOR) VALUES (133, 133, 7, 'Federal', 1968, 1968, 1);
INSERT INTO UC_ADMINISTRACAO (ID_ADM, ID_UC, ID_IUCN, ESFERA_ADMINISTRATIVA, ANO_CRIACAO, ATO_LEGAL_CRIACAO, CONSELHO_GESTOR) VALUES (134, 134, 7, 'Federal', 1968, 1968, 1);
INSERT INTO UC_ADMINISTRACAO (ID_ADM, ID_UC, ID_IUCN, ESFERA_ADMINISTRATIVA, ANO_CRIACAO, ATO_LEGAL_CRIACAO, CONSELHO_GESTOR) VALUES (135, 135, 3, 'Federal', 1999, 1999, 1);
INSERT INTO UC_ADMINISTRACAO (ID_ADM, ID_UC, ID_IUCN, ESFERA_ADMINISTRATIVA, ANO_CRIACAO, ATO_LEGAL_CRIACAO, CONSELHO_GESTOR) VALUES (136, 136, 3, 'Federal', 1974, 2012, 1);
INSERT INTO UC_ADMINISTRACAO (ID_ADM, ID_UC, ID_IUCN, ESFERA_ADMINISTRATIVA, ANO_CRIACAO, ATO_LEGAL_CRIACAO, CONSELHO_GESTOR) VALUES (137, 137, 3, 'Federal', 1985, 1985, 1);
INSERT INTO UC_ADMINISTRACAO (ID_ADM, ID_UC, ID_IUCN, ESFERA_ADMINISTRATIVA, ANO_CRIACAO, ATO_LEGAL_CRIACAO, CONSELHO_GESTOR) VALUES (138, 138, 3, 'Federal', 1989, 1989, 1);
INSERT INTO UC_ADMINISTRACAO (ID_ADM, ID_UC, ID_IUCN, ESFERA_ADMINISTRATIVA, ANO_CRIACAO, ATO_LEGAL_CRIACAO, CONSELHO_GESTOR) VALUES (139, 139, 3, 'Federal', 1961, 2017, 1);
INSERT INTO UC_ADMINISTRACAO (ID_ADM, ID_UC, ID_IUCN, ESFERA_ADMINISTRATIVA, ANO_CRIACAO, ATO_LEGAL_CRIACAO, CONSELHO_GESTOR) VALUES (140, 140, 3, 'Federal', 1986, 1986, 1);
INSERT INTO UC_ADMINISTRACAO (ID_ADM, ID_UC, ID_IUCN, ESFERA_ADMINISTRATIVA, ANO_CRIACAO, ATO_LEGAL_CRIACAO, CONSELHO_GESTOR) VALUES (141, 141, 3, 'Federal', 1998, 1998, 1);
INSERT INTO UC_ADMINISTRACAO (ID_ADM, ID_UC, ID_IUCN, ESFERA_ADMINISTRATIVA, ANO_CRIACAO, ATO_LEGAL_CRIACAO, CONSELHO_GESTOR) VALUES (142, 142, 3, 'Federal', 1971, 1972, 1);
INSERT INTO UC_ADMINISTRACAO (ID_ADM, ID_UC, ID_IUCN, ESFERA_ADMINISTRATIVA, ANO_CRIACAO, ATO_LEGAL_CRIACAO, CONSELHO_GESTOR) VALUES (143, 143, 3, 'Federal', 2000, 2000, 1);
INSERT INTO UC_ADMINISTRACAO (ID_ADM, ID_UC, ID_IUCN, ESFERA_ADMINISTRATIVA, ANO_CRIACAO, ATO_LEGAL_CRIACAO, CONSELHO_GESTOR) VALUES (144, 144, 3, 'Federal', 1972, 1972, 1);
INSERT INTO UC_ADMINISTRACAO (ID_ADM, ID_UC, ID_IUCN, ESFERA_ADMINISTRATIVA, ANO_CRIACAO, ATO_LEGAL_CRIACAO, CONSELHO_GESTOR) VALUES (145, 145, 3, 'Federal', 1979, 1990, 1);
INSERT INTO UC_ADMINISTRACAO (ID_ADM, ID_UC, ID_IUCN, ESFERA_ADMINISTRATIVA, ANO_CRIACAO, ATO_LEGAL_CRIACAO, CONSELHO_GESTOR) VALUES (146, 146, 3, 'Federal', 1998, 2010, 1);
INSERT INTO UC_ADMINISTRACAO (ID_ADM, ID_UC, ID_IUCN, ESFERA_ADMINISTRATIVA, ANO_CRIACAO, ATO_LEGAL_CRIACAO, CONSELHO_GESTOR) VALUES (147, 147, 3, 'Federal', 2005, 2005, 0);
INSERT INTO UC_ADMINISTRACAO (ID_ADM, ID_UC, ID_IUCN, ESFERA_ADMINISTRATIVA, ANO_CRIACAO, ATO_LEGAL_CRIACAO, CONSELHO_GESTOR) VALUES (148, 148, 3, 'Federal', 1984, 1987, 1);
INSERT INTO UC_ADMINISTRACAO (ID_ADM, ID_UC, ID_IUCN, ESFERA_ADMINISTRATIVA, ANO_CRIACAO, ATO_LEGAL_CRIACAO, CONSELHO_GESTOR) VALUES (149, 149, 3, 'Federal', 1989, 1989, 1);
INSERT INTO UC_ADMINISTRACAO (ID_ADM, ID_UC, ID_IUCN, ESFERA_ADMINISTRATIVA, ANO_CRIACAO, ATO_LEGAL_CRIACAO, CONSELHO_GESTOR) VALUES (150, 150, 3, 'Federal', 2004, 2006, 1);
INSERT INTO UC_ADMINISTRACAO (ID_ADM, ID_UC, ID_IUCN, ESFERA_ADMINISTRATIVA, ANO_CRIACAO, ATO_LEGAL_CRIACAO, CONSELHO_GESTOR) VALUES (151, 151, 3, 'Federal', 2005, 2005, 0);
INSERT INTO UC_ADMINISTRACAO (ID_ADM, ID_UC, ID_IUCN, ESFERA_ADMINISTRATIVA, ANO_CRIACAO, ATO_LEGAL_CRIACAO, CONSELHO_GESTOR) VALUES (152, 152, 3, 'Federal', 1939, 2008, 1);
INSERT INTO UC_ADMINISTRACAO (ID_ADM, ID_UC, ID_IUCN, ESFERA_ADMINISTRATIVA, ANO_CRIACAO, ATO_LEGAL_CRIACAO, CONSELHO_GESTOR) VALUES (153, 153, 3, 'Federal', 1992, 1992, 1);
INSERT INTO UC_ADMINISTRACAO (ID_ADM, ID_UC, ID_IUCN, ESFERA_ADMINISTRATIVA, ANO_CRIACAO, ATO_LEGAL_CRIACAO, CONSELHO_GESTOR) VALUES (154, 154, 3, 'Federal', 1961, 2004, 1);
INSERT INTO UC_ADMINISTRACAO (ID_ADM, ID_UC, ID_IUCN, ESFERA_ADMINISTRATIVA, ANO_CRIACAO, ATO_LEGAL_CRIACAO, CONSELHO_GESTOR) VALUES (155, 155, 3, 'Federal', 1961, 1972, 1);
INSERT INTO UC_ADMINISTRACAO (ID_ADM, ID_UC, ID_IUCN, ESFERA_ADMINISTRATIVA, ANO_CRIACAO, ATO_LEGAL_CRIACAO, CONSELHO_GESTOR) VALUES (156, 156, 3, 'Federal', 2002, 2015, 0);
INSERT INTO UC_ADMINISTRACAO (ID_ADM, ID_UC, ID_IUCN, ESFERA_ADMINISTRATIVA, ANO_CRIACAO, ATO_LEGAL_CRIACAO, CONSELHO_GESTOR) VALUES (157, 157, 3, 'Federal', 2002, 2002, 1);
INSERT INTO UC_ADMINISTRACAO (ID_ADM, ID_UC, ID_IUCN, ESFERA_ADMINISTRATIVA, ANO_CRIACAO, ATO_LEGAL_CRIACAO, CONSELHO_GESTOR) VALUES (158, 158, 3, 'Federal', 1959, 1972, 1);
INSERT INTO UC_ADMINISTRACAO (ID_ADM, ID_UC, ID_IUCN, ESFERA_ADMINISTRATIVA, ANO_CRIACAO, ATO_LEGAL_CRIACAO, CONSELHO_GESTOR) VALUES (159, 159, 3, 'Federal', 1961, 2006, 1);
INSERT INTO UC_ADMINISTRACAO (ID_ADM, ID_UC, ID_IUCN, ESFERA_ADMINISTRATIVA, ANO_CRIACAO, ATO_LEGAL_CRIACAO, CONSELHO_GESTOR) VALUES (160, 160, 3, 'Federal', 1961, 1997, 1);
INSERT INTO UC_ADMINISTRACAO (ID_ADM, ID_UC, ID_IUCN, ESFERA_ADMINISTRATIVA, ANO_CRIACAO, ATO_LEGAL_CRIACAO, CONSELHO_GESTOR) VALUES (161, 161, 3, 'Federal', 1997, 1997, 0);
INSERT INTO UC_ADMINISTRACAO (ID_ADM, ID_UC, ID_IUCN, ESFERA_ADMINISTRATIVA, ANO_CRIACAO, ATO_LEGAL_CRIACAO, CONSELHO_GESTOR) VALUES (162, 162, 3, 'Federal', 2002, 2007, 1);
INSERT INTO UC_ADMINISTRACAO (ID_ADM, ID_UC, ID_IUCN, ESFERA_ADMINISTRATIVA, ANO_CRIACAO, ATO_LEGAL_CRIACAO, CONSELHO_GESTOR) VALUES (163, 163, 3, 'Federal', 1979, 1979, 0);
INSERT INTO UC_ADMINISTRACAO (ID_ADM, ID_UC, ID_IUCN, ESFERA_ADMINISTRATIVA, ANO_CRIACAO, ATO_LEGAL_CRIACAO, CONSELHO_GESTOR) VALUES (164, 164, 3, 'Federal', 2001, 2001, 1);
